[南京周边句容]仙林东路88号,户型：3室/4室建筑面积：88-120㎡,均价22500元/㎡,朗诗万都玲珑樾
29条点评,在售 住宅 刚需房 学校 大阳台 南北通透
,[鼓楼鼓楼滨江]中山北路576号,户型：1室/2室/3室建筑面积：48-122㎡,均价35000元/㎡,恒大滨江
37条点评,在售 住宅 改善房 学校 投资地产 江景
,[江宁东山]东山街道天印大道837号（天印大道与金...,户型：2室/3室建筑面积：90-145㎡,均价25500元/㎡,万科金域国际
35条点评,在售 住宅 改善房 商场 品牌开发商 大阳台
,[浦口江浦街道]雨山西路89号,户型：别墅建筑面积：309-378㎡,均价29800元/㎡,路易庄园
10条点评,在售 别墅 轨交房 改善房 养老房 大阳台
,[鼓楼湖南路]湖南路与中山北路交汇处（狮子桥正对面...,建筑面积：43-86㎡,,绿地紫金中心
10条点评,在售 酒店式公寓 轨交房 即将开盘 酒店式公寓 湖景
,[南京周边其他]马鞍山博望新区博望大道88号,户型：2室/3室/4室建筑面积：88-204㎡,最低5700元/㎡起,明发明博小镇
19条点评,在售 住宅 刚需房 学校 品牌开发商 大阳台
,[溧水溧水]新河北路214号,户型：3室/4室建筑面积：102-143㎡,,碧桂园S1秦淮世家
62条点评,待售 住宅 刚需房 新开盘 投资地产 品牌开发商
,[浦口高新区]星火北路,户型：商住建筑面积：36-42㎡,均价12000元/㎡,招商城市主场
104条点评,在售 商住 轨交房 刚需房 商场 学校
,[栖霞马群]马群街169号,户型：2室/3室/4室建筑面积：85-170㎡,均价41000元/㎡,银城君颐东方
19条点评,在售 住宅 轨交房 养老房 豪宅 品牌开发商
,[江宁九龙湖]嘉业路与紫金三路交汇处,户型：2室/3室/4室建筑面积：77-131㎡,均价26595元/㎡,恒大悦澜湾
53条点评,在售 住宅 轨交房 改善房 大阳台 大客厅
,[栖霞马群]石狮路与金马路交汇处（4号线与2号线金...,户型：商住建筑面积：37-80.1㎡,均价28500元/㎡,银城KINMA Q+社区
12条点评,在售 商住 轨交房 商场 品牌开发商 精装修
,[雨花台南京南站]玉兰路与软件大道交汇处,户型：商住建筑面积：43-55㎡,均价23000元/㎡,绿地云尚
11条点评,在售 商住 轨交房 酒店式公寓 学校 投资地产
,[南京周边句容]宝华大道66号,户型：2室/3室/4室/商住建筑面积：20-120㎡,均价15500元/㎡,泰达青筑
34条点评,在售 住宅 大阳台 loft 大客厅 南北通透
,[雨花台南京南站]雨花明城大道与宏运大道交汇处,户型：3室建筑面积：90-119㎡,,中交锦致
29条点评,在售 住宅 轨交房 品牌开发商 大阳台 菜市场
,[江宁麒麟科技园]麒东路777号,户型：2室/3室/4室/别墅建筑面积：77-165㎡,均价29500元/㎡,银亿东城
135条点评,在售 别墅 刚需房 投资地产 低密度 大阳台
,[江宁谷里]悦湖路16号,户型：别墅建筑面积：194-290㎡,均价30000元/㎡,碧桂园湖光山色
10条点评,在售 别墅 改善房 湖景 带泳池 大阳台
,[栖霞马群]石狮路,户型：3室/4室/6室/别墅建筑面积：140-258㎡,,新城璞樾钟山
35条点评,在售 住宅 轨交房 改善房 新开盘 品牌开发商
,[浦口江浦街道]新浦路6号,户型：商住建筑面积：54-63㎡,均价16500元/㎡,宝隆时代广场
16条点评,在售 商住 轨交房 学校 新开盘 医院
,[南京周边句容]华阳西路近世贸路,户型：3室建筑面积：98-121㎡,均价11000元/㎡,中骏四季阳光
10条点评,在售 住宅 投资地产 品牌开发商 精装修 医院
,[浦口江浦街道]南京工业大学地铁口向西50米,户型：商住建筑面积：35-35㎡,总价90万元/套起,毅达中心
15条点评,在售 商住 轨交房 投资地产 复式 单身公寓
,[江宁岔路口]南京南站宏运大道1468号绿城深蓝旁,建筑面积：51-51㎡,均价28000元/㎡,MIX悦享家
10条点评,在售 办公楼 酒店式公寓 低总价 综合体 投资地产
,[秦淮五老村]公园路159号（瑞金路金润发斜对面）,户型：2室/3室建筑面积：131-184.06㎡,均价35500元/㎡,金陵凤栖园
24条点评,在售 住宅 轨交房 酒店式公寓 投资地产 单身公寓
,[南京周边其他]马鞍山市博望区两博路2143号,户型：3室/4室/5室建筑面积：97-180㎡,均价7000元/㎡,碧桂园S9紫金庄园
13条点评,在售 住宅 刚需房 低单价 社区超市 地暖
,[南京周边句容]宝华山国家森林公园北门向东,户型：别墅建筑面积：135-165㎡,均价15000元/㎡,新城源山
15条点评,在售 别墅 改善房 新开盘 品牌开发商 低密度
,[雨花台南京南站]铁心桥街道宁双路,建筑面积：120㎡,最低19000元/㎡起,城品国际广场
10条点评,在售 办公楼 轨交房 商场 学校 投资地产
,[南京周边滁州]南谯区滁阳路与双迎路交汇处（展厅位于...,户型：3室/4室建筑面积：109-145㎡,均价6800元/㎡,碧桂园晚亭印象
15条点评,在售 住宅 新开盘 投资地产 品牌开发商 大阳台
,[南京周边句容]西部干线近宝华大道,户型：别墅建筑面积：100-110㎡,均价25000元/㎡,弘阳山卿
10条点评,在售 别墅 改善房 即将开盘 品牌开发商 低密度
,[南京周边句容]石狮路近宁杭北路,户型：3室/4室建筑面积：95-196㎡,均价11000元/㎡,碧桂园S6江南世家
16条点评,在售 住宅 刚需房 低单价 公交枢纽 投资地产
,[栖霞燕子矶]经五路与宜春街交汇处,户型：商住建筑面积：48-58㎡,最低19000元/㎡起,招商1872ipark公寓
15条点评,在售 商住 轨交房 商场 新开盘 品牌开发商
,[南京周边句容]恒通路,户型：别墅建筑面积：143-238㎡,均价15000元/㎡,碧桂园龙山源著
11条点评,在售 别墅 改善房 湖景 品牌开发商 主卧套房
,[南京周边其他]金坛茅山旅游度假区内,户型：别墅建筑面积：77-128㎡,最低14000元/㎡起,雅居乐山湖城
荐 11条点评,在售 别墅 景区 改善房 旅游地产 品牌开发商
,[鼓楼鼓楼滨江]燕江路201号（地铁3号线上元门站）,户型：2室/3室/4室建筑面积：79-139㎡,均价33500元/㎡,江山汇悦山府
荐 14条点评,在售 住宅 轨交房 改善房 江景 景观小区
,[栖霞燕子矶]迈尧路611号,户型：3室/4室建筑面积：78-136㎡,均价22380元/㎡,电建地产·洺悦府
荐 31条点评,在售 住宅 新开盘 改善房 双阳台 品牌开发商
,[江宁淳化]梨树园路9号,户型：2室/3室建筑面积：88-128㎡,均价23000元/㎡,万科和昌金域东方
荐 21条点评,在售 住宅 刚需房 低总价 主卧套房 品牌开发商
,[鼓楼鼓楼滨江]南通路99号（郑和东路以东，南通路以南...,户型：2室/3室/4室建筑面积：110-217㎡,,世茂外滩新城
荐 125条点评,待售 住宅 改善房 学校 豪宅 江景
,[溧水溧水]金山东路9号,户型：2室/3室/别墅建筑面积：86.02-370㎡,,东屏湖9号
荐 12条点评,待售 别墅 改善房 人工湖 大阳台 景观小区
,[南京周边滁州]前进路99号,户型：3室/4室/6室/别墅建筑面积：93-220㎡,均价6500元/㎡,碧桂园奥能罗马世纪城
荐 21条点评,在售 住宅 大型社区 洋房 湖景 品牌开发商
,[六合雄州]中心城古棠大道与文尚路交汇处（S8号线...,建筑面积：317799㎡,,龙湖棠城
荐 14条点评,待售 住宅 轨交房 刚需房 商场 品牌开发商
,[南京周边滁州]104国道近020乡道,户型：1室/2室/3室/4室/别墅建筑面积：70-148㎡,均价6500元/㎡,新江北孔雀城
荐 80条点评,在售 住宅 刚需房 即将开盘 养老房 投资地产
,[溧水溧水]秦淮大道,户型：3室/4室建筑面积：85-126㎡,,亚东同城逸境九筑
荐 34条点评,待售 住宅 大阳台 大客厅 南北通透 双阳台
,[六合马鞍街道]弘湖路1号,户型：别墅建筑面积：175-535㎡,均价14416元/㎡,郦湖美墅
荐 31条点评,在售 别墅 改善房 即将开盘 养老房 品牌开发商
,[秦淮卡子门]汇景北路与双龙大道交汇处,户型：商住建筑面积：45-45㎡,总价110万元/套起,保利堂悦
荐 91条点评,在售 商住 轨交房 投资地产 改善房 品牌开发商
,[南京周边句容]仙林东路与和平路交汇处向南200米,建筑面积：291000㎡,,泰禾金尊府
荐 11条点评,待售 住宅 投资地产 改善房 山景 学校
,[栖霞迈皋桥]兴贤路19号,户型：2室/3室建筑面积：86-141㎡,均价28507元/㎡,嘉华嘉誉山
30条点评,在售 住宅 改善房 投资地产 品牌开发商 车位充足
,[栖霞燕子矶]燕尧路12号,户型：2室/3室/4室/商住建筑面积：36-120㎡,均价25800元/㎡,电建地产海赋尚城
87条点评,在售 住宅 改善房 轨交房 品牌开发商 飘窗
,[江宁九龙湖]双龙大道与吉印大道交汇处,户型：商住建筑面积：34-56㎡,均价20000元/㎡,融信城市之窗
19条点评,在售 商住 即将开盘 酒店式公寓 商场 轨交房
,[浦口江浦街道]白马路88号,户型：2室/3室/4室建筑面积：76-151㎡,均价25500元/㎡,融侨观邸
38条点评,在售 住宅 刚需房 改善房 商场 投资地产
,[高淳高淳]宝塔路,户型：2室/3室/4室/5室建筑面积：90-168㎡,均价8089元/㎡,高淳雅居乐花园
33条点评,在售 住宅 品牌开发商 大阳台 车位充足 南北通透
,[雨花台南京南站]安德门大街与宁双路交汇处,户型：3室/4室建筑面积：89-143㎡,,世茂城品
47条点评,在售 住宅 轨交房 改善房 学校 新开盘
,[浦口桥北]浦洲路66号,户型：2室/3室建筑面积：83-135㎡,均价20599元/㎡,苏宁北外滩水城
216条点评,在售 住宅 轨交房 刚需房 江景 品牌开发商
,[江宁正方新城]秣周西路33号,户型：3室/5室建筑面积：89-143㎡,均价18500元/㎡,远洋山水
荐 86条点评,在售 住宅 刚需房 即将开盘 品牌开发商 景观小区
,[浦口桥林新城]杨柳路,户型：2室/3室建筑面积：72-105㎡,均价19599元/㎡,力标赞城
81条点评,在售 住宅 刚需房 学校 大阳台 车位充足
,[南京周边句容]宝四路9号,户型：3室/4室/5室建筑面积：115-275㎡,均价16800元/㎡,碧桂园翡翠华府
104条点评,在售 住宅 刚需房 大客厅 南北通透 大户型
,[江宁淳化]梅龙湖畔东月桥路与雁冲路交汇处,户型：3室/4室建筑面积：83-108㎡,均价23700元/㎡,弘阳禹洲时光春晓
18条点评,在售 住宅 刚需房 品牌开发商 大阳台 大客厅
,[南京周边滁州]104国道近长江路,户型：3室/4室建筑面积：85-138㎡,均价10300元/㎡,明发北站新城
19条点评,在售 住宅 刚需房 低单价 低总价 学校
,[栖霞仙林]栖霞仙林大道与守敬路交汇处,户型：2室/3室/商住建筑面积：28-95㎡,最低13800元/㎡起,万达茂
84条点评,在售 商住 即将开盘 轨交房 大型社区 低总价
,[浦口桥北]江山路6号,户型：2室/3室/4室/5室建筑面积：78-143㎡,均价27803元/㎡,金象朗诗红树林
45条点评,在售 住宅 科技住宅 改善房 学校 江景
,[南京周边句容]仙林东路3号,户型：3室建筑面积：88-100㎡,均价14600元/㎡,仙林首望城
16条点评,在售 住宅 低总价 刚需房 山景 投资地产
,[南京周边其他]宁乌公路与盘乌线交汇口,户型：3室/别墅建筑面积：76-161㎡,均价7800元/㎡,长江熙岸孔雀城
33条点评,在售 住宅 即将开盘 低总价 低单价 景观小区
,[浦口桥北]东大路，东南大学成贤学院南门斜对面,户型：3室/4室建筑面积：90-141㎡,均价25580元/㎡,御澜府
20条点评,在售 住宅 景观小区 轨交房 学校 大主卧
,[南京周边滁州]宁滁快速路与二道河路交汇处,户型：3室/4室/5室建筑面积：95-196㎡,均价7500元/㎡,碧桂园十里春风
11条点评,在售 住宅 地暖 投资地产 低单价 品牌开发商
,[建邺河西中部]兴隆大街与香山路交汇处,户型：2室/3室/4室建筑面积：140-240㎡,,海玥名都
38条点评,待售 住宅 轨交房 改善房 商场 学校
,[六合龙池]雄州南路333号,户型：2室/3室建筑面积：75-94㎡,,冠城大通蓝郡
97条点评,待售 住宅 轨交房 刚需房 改善房 大阳台
,[南京周边滁州]醉翁东路与阳明南路交汇处（城南湿地公...,户型：3室/4室建筑面积：112-140㎡,最低8688元/㎡起,滁州正荣府,在售 住宅 改善房 公园 投资地产 品牌开发商
,[六合大厂]朱圩路,户型：3室/4室建筑面积：88-180㎡,最低12919元/㎡起,紫艺华府
66条点评,在售 住宅 轨交房 刚需房 南北通透 低单价
,[鼓楼鼓楼滨江]宝塔桥西街155号(金川河西路与城河北路...,户型：2室/3室/4室建筑面积：80-175㎡,,中冶盛世滨江
41条点评,待售 商住 商场 品牌开发商 大阳台 大客厅
,[秦淮月牙湖]光华路海福巷71号(紧邻南京总参涮羊肉...,户型：3室建筑面积：84-105㎡,,银城东岳府
19条点评,待售 住宅 改善房 养老房 人车分流 菜市场
,[江宁禄口]天禄大道1号（宁溧路188号，机场高速禄...,户型：2室/3室/4室建筑面积：69-117㎡,,翠屏城
172条点评,待售 住宅 湖景 人工湖 低密度 大阳台
,[江宁滨江]滨江开发区锦文路与地秀路交叉口,建筑面积：106848㎡,,绿地国际花都
125条点评,待售 商住 刚需房 湖景 品牌开发商 低单价
,[南京周边滁州]滁阳路,户型：3室/4室/5室建筑面积：90-180㎡,均价6500元/㎡,碧桂园北岸世家
10条点评,在售 住宅 商场 社区超市 学校 品牌开发商
,[江宁麒麟科技园]智汇路267号,建筑面积：70-150㎡,,沣麟公园壹号,待售 酒店式公寓 酒店式公寓 科技住宅 投资地产 医院
,[江宁九龙湖]将军大道129号,户型：2室/3室/4室建筑面积：86-232.6㎡,总价475万元/套起,雍福龙庭
71条点评,在售 住宅 轨交房 带网球场 低密度 大阳台
,[鼓楼鼓楼滨江]鼓楼核心小桃园西新兴路与复兴街交,户型：商住建筑面积：50-79㎡,,中海滨江U-LIVE
5条点评,待售 商住
,[江宁将军大道]将军大道20号（翠屏国际城北侧）,户型：3室/4室建筑面积：180-265㎡,最低35000元/㎡起,滟紫台
39条点评,在售 别墅 轨交房 豪宅 投资地产 低密度
,[江宁科学园]淳化街道端拱路与至道路交汇处,户型：3室/4室/别墅建筑面积：90-190㎡,,BackBay贝克湾
10条点评,待售 住宅 湖景 改善房 带幼儿园 投资地产
,[江宁滨江]滨江开发区地秀路与锦文路交汇,建筑面积：74304㎡,,绿地花茂
10条点评,待售 商住 酒店式公寓 投资地产 美食街 公园
,[南京周边滁州]滁州汊河新区104国道旁,户型：3室建筑面积：78-106㎡,,碧桂园北站华府
10条点评,待售 住宅 投资地产 刚需房 低单价 地暖
,[栖霞仙林]经天路与广志路交汇处（南京大学仙林分...,建筑面积：328934㎡,,融信世纪东方,待售 住宅 改善房 婚房 山景 学校
,[浦口江浦街道]环城西路,户型：2室/3室建筑面积：91-229.17㎡,均价24300元/㎡,北江锦城
116条点评,在售 住宅 轨交房 刚需房 学校 大阳台
,[南京周边句容]宝华大道近西部干线,户型：3室/4室/6室/别墅建筑面积：95-263㎡,均价16000元/㎡,碧桂园大学印象
56条点评,在售 住宅 即将开盘 山景 大主卧 低总价
,[浦口高新区]丽景路与惠达路交汇处,建筑面积：120653㎡,最低13000元/㎡起,明发银河城
11条点评,在售 酒店式公寓 即将开盘 轨交房 低总价 综合体
,[浦口江浦街道]建设路与巩固路交汇处（地铁10号线雨山...,建筑面积：198331㎡,,保利云禧
12条点评,待售 住宅 即将开盘 品牌开发商 轨交房 改善房
,[浦口高新区]江北新区三号线星火路站旁（星火路与文...,建筑面积：390875㎡,均价18000元/㎡,龙湖北宸星座
3条点评,在售 酒店式公寓 即将开盘 轨交房 投资地产 公交枢纽
,[江宁麒麟科技园]东至中心路，南至南湾营路，西至瑞云路...,户型：2室/3室建筑面积：107-142㎡,,京奥港未来墅
13条点评,待售 住宅 刚需房 改善房 新开盘 科技住宅
,[鼓楼湖南路]湖南路与中山北路交汇处（狮子桥正对面...,建筑面积：84916㎡,最低40000元/㎡起,绿地紫金中心商铺
10条点评,在售 轨交房 商场 投资地产 美食街
,[南京周边句容]宝华镇汤龙路宝华山南门,建筑面积：47000㎡,,金科观天下
10条点评,待售 别墅 改善房 投资地产 低密度 景区
,[江宁麒麟科技园]江宁区麒麟街道宁杭公路以南、镇泰路以...,,,星叶枫庭项目
8条点评,待售 住宅 投资地产 刚需房 学校 品牌开发商
,[浦口桥北]浦珠北路139号,户型：2室/3室建筑面积：86-121㎡,均价23000元/㎡,万江共和新城
12条点评,在售 住宅 改善房 学校 菜市场 银行
,[浦口江浦街道]江北核心区七里河大街与横江大道交汇处,户型：3室/4室建筑面积：90-135㎡,,扬子江金茂悦
12条点评,待售 住宅 即将开盘 商场 婚房 改善房
,[南京周边句容]碧桂园大道2号,户型：2室/3室/4室/5室建筑面积：87-274㎡,均价12500元/㎡,碧桂园凤凰城
202条点评,在售 住宅 刚需房 大型社区 低单价 学校
,[江宁将军大道]佛城西路以北，康后街10号,户型：别墅建筑面积：662-722㎡,总价2200万元/套起,证大九间堂
16条点评,在售 别墅 轨交房 即将开盘 投资地产 低密度
,[南京周边句容]仙林东路2号,户型：2室/3室建筑面积：92-124㎡,均价14000元/㎡,百里峯景
11条点评,在售 住宅 刚需房 改善房 投资地产 公园
,[溧水溧水]仪凤南路70号,户型：3室/4室/商住建筑面积：40-130㎡,,溧水万达广场
20条点评,待售 住宅 商场 品牌开发商 大阳台 loft
,[栖霞迈皋桥]栖霞华飞路1号（华飞路与恒嘉路交汇处...,户型：商住建筑面积：43-60㎡,均价20000元/㎡,中电颐和府邸
24条点评,在售 商住 轨交房 改善房 商场 品牌开发商
,[秦淮长乐路]门东长乐渡地块（北至马道街，南至新民...,户型：别墅建筑面积：500-991㎡,总价2500万元/套起,雅居乐长乐渡
27条点评,在售 别墅 轨交房 改善房 豪宅 品牌开发商
,[雨花台南京南站]锦绣街,户型：商住建筑面积：55-65㎡,均价27000元/㎡,绿地之窗
17条点评,在售 商住 轨交房 商场 美食街 loft
,[南京周边其他]马鞍山市湖东南路与西塘路交叉口东南向,户型：3室/4室建筑面积：123-143㎡,均价11500元/㎡,中丞国宾府,在售 住宅 投资地产 改善房 低单价 商场
,[江宁汤山]江宁汤山新城圣汤大道1号（汤山公馆对...,建筑面积：40-57㎡,均价14000元/㎡,汤城东郡广场,在售 酒店式公寓 投资地产 精装修 景区 银行
,[南京周边句容]仙林东路333号,户型：3室/4室/别墅建筑面积：83-230㎡,总价600万元/套起,新湖仙林翠谷
22条点评,在售 别墅 湖景 低密度 大阳台 大户型
,[浦口桥林新城]故居路8号,户型：2室/3室建筑面积：82-123㎡,均价15000元/㎡,江岸景城
67条点评,在售 住宅 刚需房 大阳台 南北通透 低单价
,[南京周边句容]仙林东路58号,户型：1室/2室/3室/商住建筑面积：40-115㎡,总价32万元/套起,京东紫晶
59条点评,在售 商住 一梯三户 人车分流 大阳台 大客厅
,[南京周边句容]仙林大道18号,户型：2室/3室/4室/商住建筑面积：60-175㎡,均价8000元/㎡,恒大雅苑
83条点评,在售 商住 刚需房 品牌开发商 大阳台 景观小区
,[玄武徐庄软件园]徐庄软件园（紫金（玄武）科创特别社区...,户型：商住建筑面积：30-55㎡,均价23000元/㎡,苏宁紫金嘉悦
23条点评,在售 商住 轨交房 酒店式公寓 学校 医院
,[秦淮大光路]大光路67号,户型：3室/4室建筑面积：186-266㎡,均价47000元/㎡,金陵雅颂居
27条点评,在售 住宅 轨交房 品牌开发商 大阳台 大客厅
,[浦口顶山街道]吉庆路6号（纬三路隧道口，珍珠南路南...,建筑面积：200052㎡,,阳光帝景
17条点评,待售 别墅 低密度 大阳台 南北通透 双阳台
,[江宁上坊]上坊天云湖（横山水库）东侧,户型：别墅建筑面积：629.42-667㎡,总价1500万元/套起,鸿信云深处
16条点评,在售 别墅 投资地产 湖景 大阳台 大客厅
,[江宁九龙湖]双龙大道3000号,户型：别墅建筑面积：287-324㎡,总价750万元/套起,帝景天誉
11条点评,在售 别墅 轨交房 改善房 商场 美食街
,[南京周边句容]华阳北路近北环路,户型：3室/4室/5室建筑面积：115-259㎡,均价13800元/㎡,碧桂园中央公园
12条点评,在售 住宅 新开盘 车位充足 地暖 投资地产
,[建邺河西中部]云锦路与怡康街交界处，兴隆大街地铁站...,户型：3室/4室建筑面积：115-143㎡,,宏图上水云锦
84条点评,待售 住宅 轨交房 改善房 投资地产 大阳台
,[栖霞龙潭]府前路8号,户型：2室/3室建筑面积：87-116㎡,均价17000元/㎡,创源龙樾
10条点评,在售 住宅 刚需房 江景 车位充足 公交枢纽
,[南京周边句容]仙林东路15号,户型：2室/3室建筑面积：82-90㎡,均价15000元/㎡,濠锋星钻
40条点评,在售 住宅 刚需房 商场 投资地产 大客厅
,[南京周边句容]塘西路近宁溧线句容段,户型：2室/3室/4室/5室建筑面积：80-265㎡,均价12000元/㎡,碧桂园世纪城邦
52条点评,在售 住宅 品牌开发商 景观小区 南北通透 大户型
,[溧水溧水]中大街81号,户型：2室/3室/4室建筑面积：90-130㎡,均价12000元/㎡,溧水海伦国际
14条点评,在售 别墅 商场 投资地产 大阳台 南北通透
,[鼓楼水佐岗]中山北路279号（虹桥中心2期西侧）,户型：2室/3室/4室建筑面积：89-303㎡,,金鼎湾如院
7条点评,待售 住宅 改善房 商场 投资地产 大阳台
,[鼓楼鼓楼滨江]建宁路与热河路交汇处（大观天地对面）,户型：2室/3室建筑面积：76.6-113.3㎡,最低34422元/㎡起,证大阅公馆
13条点评,在售 住宅 刚需房 科技住宅 新开盘 江景
,[高淳高淳]芜太路与水阳江路交汇处,户型：3室/4室建筑面积：87-118㎡,均价11000元/㎡,融创中南御园
13条点评,在售 住宅 改善房 投资地产 低单价 品牌开发商
,[六合金牛湖]金牛湖社区88号,户型：商住建筑面积：55-70㎡,总价540万元/套起,金牛湖度假中心
35条点评,在售 别墅 酒店式公寓 投资地产 低密度 运动健身
,[玄武钟山景区]环陵路7号（紫金山东麓）,户型：别墅建筑面积：772-878㎡,,钟山国际高尔夫
25条点评,待售 别墅 轨交房 低密度 大阳台 运动健身
,[鼓楼湖南路]中央路201-211号,户型：1室/2室/4室/5室建筑面积：72-549㎡,,玄武湖金茂广场
24条点评,待售 住宅 轨交房 商场 豪宅 投资地产
,[鼓楼鼓楼滨江]中山北路645号（部队院内）,户型：2室/3室/4室建筑面积：97-185㎡,,长江峰景
17条点评,待售 住宅 江景 人车分流 大阳台 南北通透
,[六合龙池]龙群路,户型：2室/3室/4室建筑面积：85-143㎡,均价11625元/㎡,荣盛鹭岛荣府
99条点评,在售 住宅 商场 大阳台 大客厅 南北通透
,[浦口桥北]柳洲南路,户型：1室/2室/3室/4室/别墅建筑面积：63-274㎡,最低23000元/㎡起,大华锦绣华城
166条点评,在售 别墅 刚需房 改善房 商场 学校
,[栖霞迈皋桥]迈皋桥大街（北至现状，南至网板路，西...,户型：1室/2室/3室建筑面积：74.5-129㎡,均价29500元/㎡,星叶瑜憬湾
37条点评,在售 住宅 轨交房 学校 大阳台 大客厅
,[高淳高淳]开发新区芜太公路与双湖路交汇处,户型：3室/别墅建筑面积：135-235㎡,均价8300元/㎡,海尔双湖壹号公馆
10条点评,在售 住宅 改善房 学校 景观小区 大客厅
,[南京周边句容]宝华镇312国道北,户型：别墅建筑面积：245.88-360.11㎡,均价11000元/㎡,锦隆御山墅
11条点评,在售 别墅 改善房 即将开盘 投资地产 低密度
,[江宁禄口]来凤路5号,户型：2室/3室/4室建筑面积：72-117㎡,均价17000元/㎡,蓝天星港花园
16条点评,在售 住宅 刚需房 人工湖 精装修 车位充足
,[鼓楼鼓楼滨江]龙江路30号,户型：1室/2室/3室/4室建筑面积：60-169㎡,均价38780元/㎡,深业滨江半岛
46条点评,在售 住宅 江景 品牌开发商 大阳台 南北通透
,[江宁岔路口]宏运大道1468号,户型：3室/4室建筑面积：136-143㎡,,绿城深蓝
14条点评,待售 住宅 轨交房 投资地产 品牌开发商 精装修
,[江宁麒麟科技园]麒麟科技创新园东麒路277号,户型：别墅建筑面积：320-429㎡,均价19800元/㎡,富力十号往来
26条点评,在售 别墅 改善房 商场 豪宅 投资地产
,[六合雄州]雄州西路和龙津南路交汇处,建筑面积：31-141㎡,最低30000元/㎡起,紫晶未来城四方铺
1条点评,在售 轨交房 商场 投资地产 车位充足
,[江宁东山]东山街道新亭路以南、竹山路以西市民中...,户型：3室/4室/5室/别墅建筑面积：90-225㎡,,龙湖春江郦城
65条点评,待售 别墅 轨交房 改善房 湖景 低密度
,[江宁谷里]牛首大道121号,户型：别墅建筑面积：201-428㎡,总价480万元/套起,瑞安翠湖山
15条点评,在售 别墅 低密度 南北通透 菜市场 社区超市
,[南京周边句容]鸿堰北路近牡丹西路,户型：2室/3室建筑面积：79-111㎡,均价14000元/㎡,彩虹城
36条点评,在售 住宅 刚需房 社区超市 南北通透 低单价
,[南京周边滁州]大同路,户型：3室/4室建筑面积：94-189.81㎡,最低6025元/㎡起,恒大江北帝景
13条点评,在售 住宅 新开盘 品牌开发商 大阳台 大客厅
,[建邺河西南部]江东南路与江山大街交汇处,户型：商住建筑面积：45-1200㎡,最低28000元/㎡起,升龙河西公馆
46条点评,在售 商住 轨交房 商场 南北通透 综合体
,[栖霞晓庄]东至阳光雅居小区，南至迈化路，北至栖...,户型：3室/4室建筑面积：109-135㎡,,中国铁建青秀城
72条点评,待售 住宅 轨交房 刚需房 即将开盘 品牌开发商
,[江宁谷里]牛首大道庆兴路8号,户型：3室/4室/6室建筑面积：92-245㎡,,南京碧桂园
167条点评,待售 住宅 南北通透 大平层 三房朝南 双卫
,[南京周边句容]仙林东路8号,户型：别墅建筑面积：200-308.43㎡,,同城世家
14条点评,在售 别墅 商场 大阳台 大客厅 大平层
,[六合雄州]方州路68号,户型：2室建筑面积：89-118㎡,,荣鼎幸福城
68条点评,待售 住宅 轨交房 刚需房 即将开盘 商场
,[建邺河西中部]庐山路208号,户型：商住建筑面积：67-154㎡,均价37000元/㎡,德基世界贸易中心
21条点评,在售 商住 轨交房 商场 豪宅 大阳台
,[栖霞仙林]经天路,户型：4室/别墅建筑面积：180-506㎡,均价33000元/㎡,高科荣境
28条点评,在售 住宅 轨交房 改善房 商场 学校
,[鼓楼小市]中央北路河路道1号,户型：商住建筑面积：55-65㎡,最低22000元/㎡起,花样年喜年中心
33条点评,在售 商住 轨交房 品牌开发商 loft 大客厅
,[六合金牛湖]纬一路,户型：3室/别墅建筑面积：89-191㎡,均价9498元/㎡,嘉恒有山
30条点评,在售 住宅 轨交房 刚需房 低密度 低单价
,[栖霞燕子矶]太新路39-1号,户型：3室建筑面积：75-100㎡,均价28979元/㎡,金浦紫御东方
22条点评,在售 住宅 轨交房 刚需房 投资地产 品牌开发商
,[浦口顶山街道]浦珠北路122号,户型：2室/3室/4室/别墅建筑面积：76.73-229㎡,均价23000元/㎡,山水云房
16条点评,在售 住宅 投资地产 低密度 大阳台 大客厅
,[建邺河西中部]楠溪江东街81-85号,户型：商住建筑面积：47-96㎡,均价40000元/㎡,南京金奥缤润汇
34条点评,在售 商住 轨交房 商场 酒店式公寓 投资地产
,[南京周边句容]西部干线,户型：别墅建筑面积：169-198㎡,均价18000元/㎡,东原亲山
13条点评,在售 别墅 改善房 低密度 景区 山景
,[溧水溧水]开发区群力大道28号,户型：3室建筑面积：104-119㎡,,喜之郎丽湖湾
18条点评,待售 住宅 刚需房 南北通透 低单价 洋房
,[浦口老山珍珠泉]珍珠街178-1号,户型：别墅建筑面积：277-501㎡,总价620万元/套起,明发珍珠泉9号
7条点评,在售 别墅 投资地产 低密度 大阳台 大客厅
,[溧水溧水]志远路68号（致远路以西，陈沛桥以东）,户型：2室/3室建筑面积：94-138㎡,,康利华府
19条点评,待售 住宅 大阳台 南北通透 低单价 菜市场
,[六合金牛湖]S8地铁八百桥站,户型：3室/4室建筑面积：88-118㎡,,弘阳时光山湖
10条点评,待售 住宅 轨交房 即将开盘 投资地产 品牌开发商
,[南京周边句容]仙林大道与和平路交汇处地铁2号线经天...,户型：2室/3室/4室建筑面积：67-107㎡,,四季金辉
60条点评,待售 住宅 即将开盘 学校 南北通透 社区超市
,[江宁汤山]汤山街道麒东路588号（麒东路与轿子山...,户型：2室/3室建筑面积：88.58-140.28㎡,,麒麟山庄
24条点评,待售 住宅 低密度 大客厅 南北通透 大平层
,[浦口老山珍珠泉]林庄路,户型：别墅建筑面积：380-510㎡,总价298万元/套起,尚峰尚水
8条点评,在售 别墅 改善房 豪宅 温泉 山景
,[南京周边滁州]金山路与欧阳修大道交汇处,户型：4室建筑面积：147-159㎡,均价5800元/㎡,珠江翰林雅院
10条点评,在售 别墅 刚需房 商场 学校 投资地产
,[高淳高淳]淳南路117号,户型：3室/别墅建筑面积：127-203㎡,,湖滨一品苑
9条点评,在售 住宅 低密度 大阳台 大客厅 南北通透
,[浦口高新区]新沿路与江北大道交汇处,户型：3室建筑面积：105㎡,,荣盛锦绣澜山
3条点评,待售 住宅 轨交房 刚需房 改善房 投资地产
,[江宁湖熟]湖熟街道润湖大道398号,户型：2室/3室/4室建筑面积：87-136㎡,最低11062元/㎡起,梁台煦府
32条点评,在售 住宅 刚需房 社区超市 南北通透 低单价
,[六合雄州]冶浦路,户型：2室/3室建筑面积：95-149㎡,均价11295元/㎡,龙海骏景
23条点评,在售 住宅 大阳台 南北通透 低单价 双阳台
,[江宁科学园]竹山路588号,户型：2室/3室/4室建筑面积：87-145㎡,均价27951元/㎡,天泽苑
25条点评,在售 住宅 轨交房 改善房 带网球场 投资地产
,[浦口江浦街道]沿山大道,户型：别墅建筑面积：98-223㎡,最低26812元/㎡起,明发阅山悦府
13条点评,在售 别墅 养老房 品牌开发商 低密度 车位充足
,[江宁禄口]金德路65号（信诚大道以北、玉振路以西...,户型：商住建筑面积：40-70㎡,最低13000元/㎡起,中骏·六号街区
14条点评,在售 商住 刚需房 学校 投资地产 品牌开发商
,[栖霞燕子矶]经五路和太新路交汇处向西50米,户型：3室建筑面积：89-115㎡,,保利国际社区
33条点评,待售 住宅 轨交房 改善房 投资地产 江景
,[雨花台安德门]安德门大街与软件大道交汇处，天隆寺站...,户型：商住建筑面积：37-43㎡,均价24000元/㎡,建发紫悦广场
16条点评,在售 商住 轨交房 商场 酒店式公寓 学校
,[南京周边句容]宝华山森林公园北门,户型：别墅建筑面积：128-213㎡,,宝华桃李春风
14条点评,待售 别墅 改善房 即将开盘 品牌开发商 低密度
,[浦口顶山街道]浦珠南路与定向河路交汇处,户型：2室/3室/4室/别墅建筑面积：87-193㎡,,世茂荣里
66条点评,待售 住宅 改善房 豪宅 大客厅 南北通透
,[南京周边滁州]南谯区洪武东路与滁宁大道交汇处,户型：4室建筑面积：116-122㎡,,皖投碧湖云溪
10条点评,待售 住宅 即将开盘 低单价 投资地产 车位充足
,[雨花台南京南站]雨花金阳东街（南京南站南广场旁）,户型：商住建筑面积：56-60㎡,最低20000元/㎡起,证大喜玛拉雅中心
29条点评,在售 商住 轨交房 酒店式公寓 品牌开发商 广场
,[高淳高淳]双高路与芜太公路交汇处（体育中心斜对...,户型：2室/3室/4室建筑面积：87-130㎡,均价8100元/㎡,紫晶美域
38条点评,在售 住宅 刚需房 改善房 即将开盘 投资地产
,[玄武孝陵卫]顾家营路77号,户型：2室/3室/4室建筑面积：80-140㎡,均价37000元/㎡,紫金华府
67条点评,在售 住宅 轨交房 刚需房 改善房 商场
,[浦口江浦街道]七里桥北路以西，胡桥五路以南,户型：2室/3室建筑面积：89-120㎡,,通宇林景蘭园
11条点评,待售 住宅 刚需房 即将开盘 社区超市 大阳台
,[浦口江浦街道]新浦路与康安路交汇处,户型：3室/4室/5室建筑面积：92-166㎡,均价30000元/㎡,中建国熙台
38条点评,在售 住宅 轨交房 学校 品牌开发商 大客厅
,[江宁汤山]阳明路99号,户型：别墅建筑面积：255-440㎡,,绿都山与墅
11条点评,待售 别墅 豪宅 湖景 运动健身 高尔夫球场
,[六合葛塘]大厂浦六路与葛关路交汇处,户型：2室/3室建筑面积：89.19-144.71㎡,,君悦花园
18条点评,待售 住宅 轨交房 刚需房 商场 大阳台
,[南京周边句容]华阳镇河滨北路与义台街交叉口,户型：3室建筑面积：120-121㎡,,保利玖公馆
10条点评,待售 住宅 即将开盘 改善房 低单价 景区
,[江宁汤山]汤山国际温泉城圣汤大道9号,户型：商住建筑面积：37-47㎡,均价19000元/㎡,汤城汇
30条点评,在售 商住 商场 复式 医院 车位充足
,[建邺河西中部]所街与云锦路交汇处,建筑面积：63-70㎡,均价39500元/㎡,乐基广场
10条点评,在售 商务公寓 轨交房 商场 酒店式公寓 精装修
,[浦口江浦街道]石婆路与七瑶路交汇口,户型：商住建筑面积：38-75㎡,均价19000元/㎡,明发悦庭
18条点评,在售 商住 品牌开发商 复式 车位充足 单身公寓
,[南京周边句容]玉兰路近仙林东路,户型：3室/4室建筑面积：104-140㎡,均价16000元/㎡,碧桂园伯爵山
16条点评,在售 住宅 改善房 投资地产 品牌开发商 一梯三户
,[建邺河西南部]地铁二号线油坊桥站2号口右侧,户型：商住建筑面积：57.14-69.54㎡,均价19000元/㎡,首创立方
37条点评,在售 商住 轨交房 复式 大阳台 南北通透
,[浦口江浦街道]浦口大道路28号,户型：商住建筑面积：40-83㎡,均价17000元/㎡,东方万汇城
61条点评,在售 商住 轨交房 品牌开发商 大阳台 南北通透
,[栖霞开发区]新港大道88号,户型：商住建筑面积：33-66㎡,最低14000元/㎡起,翠屏水晶广场
17条点评,在售 商住 酒店式公寓 江景 复式 车位充足
,[江宁禄口]信诚大道与福禄路交汇处,建筑面积：100㎡,,中骏融信雍景台
10条点评,待售 商务公寓 即将开盘 刚需房 投资地产 学校
,[江宁大学城]平和路8号（南广学院北门斜对面））,户型：2室/3室/4室建筑面积：81-139㎡,,武夷名仕园
90条点评,待售 住宅 刚需房 大阳台 大客厅 南北通透
,[浦口江浦街道]新浦路与康盛路交汇处,户型：2室/3室建筑面积：89-120㎡,均价27300元/㎡,通宇林景尊园
12条点评,在售 住宅 轨交房 刚需房 品牌开发商 大阳台
,[浦口江浦街道]浦口大道11号,建筑面积：30-180㎡,最低30000元/㎡起,明发新城中心商铺,在售 轨交房 商场 学校 投资地产
,[玄武徐庄软件园]玄武大道88号,户型：别墅建筑面积：534-697㎡,均价22000元/㎡,美林墅
18条点评,在售 别墅 轨交房 改善房 豪宅 投资地产
,[浦口顶山街道]定向河路与浦珠路交汇处,户型：2室/3室建筑面积：87-123㎡,最低25048元/㎡起,观山悦
27条点评,在售 住宅 大阳台 飘窗 双卫 厨卫全明
,[江宁九龙湖]清水亭西路188号（纺织工业园内）,户型：3室/4室/5室/6室/别墅建筑面积：155-300㎡,均价24500元/㎡,九龙湖别墅
32条点评,在售 别墅 轨交房 湖景 低密度 大阳台
,[南京周边句容]句容仙林大道与宝四路交叉口,户型：2室/3室建筑面积：68-89㎡,均价15000元/㎡,招商依云尚城
66条点评,在售 住宅 刚需房 品牌开发商 大客厅 低单价
,[浦口江浦街道]工业大学东侧，燕山大道南侧,户型：3室/别墅建筑面积：88.82-532.79㎡,,通宇林语山墅
31条点评,待售 别墅 学校 大阳台 车位充足 大客厅
,[江宁九龙湖]秣陵街道铺岗街28号（万科金域蓝湾南侧...,户型：2室/3室建筑面积：84.19-135㎡,,骏景华庭
63条点评,待售 住宅 轨交房 改善房 投资地产 大阳台
,[南京周边句容]宝华大道,户型：3室/4室建筑面积：80-252㎡,均价13500元/㎡,香山壹境
23条点评,在售 住宅 低密度 大阳台 南北通透 双阳台
,[建邺河西南部]吴侯街与高庙路交汇处,户型：3室/4室/5室建筑面积：86-153.4㎡,,升龙天汇
53条点评,待售 住宅 改善房 豪宅 江景 品牌开发商
,[江宁横溪]吴楚西路与横云北路交叉口,户型：3室/4室建筑面积：89-125㎡,,美的雍翠园
23条点评,待售 住宅
,[江宁大学城]鹏山路28号,建筑面积：35-40㎡,均价29000元/㎡,中粮悦天地
12条点评,在售 酒店式公寓 轨交房 商场 学校 投资地产
,[江宁大学城]江宁高新园弘景大道以东、骋望骊都以北,户型：3室/4室建筑面积：90-109㎡,,世茂梦享家
60条点评,待售 住宅 品牌开发商 低密度 车位充足 南北通透
,[六合葛塘]大厂丁家山路2号（扬子电视台东南,户型：2室/3室建筑面积：89-110㎡,,碧景山庄
53条点评,待售 住宅 刚需房 商场 大阳台 医院
,[栖霞马群]马群环陵路99号（马群综合换乘中心）,户型：3室/4室/商住建筑面积：43-122㎡,,中垠紫金观邸
41条点评,待售 商住 轨交房 改善房 商场 品牌开发商
,[江宁岔路口]竹山南路393号,户型：别墅建筑面积：208-460㎡,均价42000元/㎡,武夷绿洲
52条点评,在售 别墅 轨交房 商场 学校 低密度
,[江宁大学城]龙眠大道与丽泽路交汇处以西,户型：3室/4室建筑面积：98-135㎡,,中航樾广场
27条点评,待售 住宅 轨交房 改善房 品牌开发商 复式
,[雨花台板桥]凤集大道6号(解放军国际关系学院对面),户型：1室/2室/3室建筑面积：75-126㎡,,石林大公园
30条点评,待售 住宅 刚需房 商场 学校 大阳台
,[栖霞仙林]仙林衫湖东路18号（纬地路与经天路交汇...,户型：2室/3室建筑面积：86-108㎡,,星叶枫情水岸
20条点评,待售 住宅 轨交房 改善房 学校 湖景
,[江宁大学城]龙眠大道修文路3号,户型：3室/4室建筑面积：88-125㎡,,金轮津桥华府
78条点评,待售 住宅 轨交房 大阳台 南北通透 使用面积多
,[江宁大学城]格致路9号（诚信大道与弘景大道交汇处...,户型：别墅建筑面积：225-227㎡,,伴山香槟园
14条点评,待售 别墅 轨交房 投资地产 低密度 大阳台
,[建邺河西南部]龙王大街与邺城路交汇处,户型：2室/3室/4室建筑面积：113-205㎡,,绿地华侨城海珀滨江
27条点评,待售 住宅 改善房 新开盘 豪宅 品牌开发商
,[高淳高淳]双高路28号（双高路与天大路交汇处）,户型：2室/3室建筑面积：85-130㎡,均价7400元/㎡,双湖明珠
23条点评,在售 住宅 豪宅 低密度 低单价 双阳台
,[浦口江浦街道]环城西路以南华山路以东地块,户型：2室/3室/4室建筑面积：68-135㎡,,中交锦蘭荟
38条点评,待售 住宅 大阳台 大客厅 南北通透 大户型
,[浦口桥北]南浦路,户型：2室/3室建筑面积：75-115㎡,均价20988元/㎡,浦泰和天下
45条点评,在售 住宅 轨交房 学校 医院 大客厅
,[江宁九龙湖]双龙大道3000号,户型：2室/3室/4室建筑面积：80-124㎡,总价335万元/套起,翠屏诚园
86条点评,在售 住宅 轨交房 投资地产 低密度 大阳台
,[建邺江心洲]中新大道近星岛路,户型：4室建筑面积：138-169㎡,,仁恒绿洲新岛
41条点评,待售 住宅 轨交房 改善房 豪宅 江景
,[浦口桥林新城]浦口区行知路6号,建筑面积：99.01-150.75㎡,均价9800元/㎡,恒通国际,在售 办公楼 学校 投资地产 河景 银行
,[雨花台安德门]软件大道,户型：3室/商住建筑面积：53-111㎡,均价27000元/㎡,中南锦苑
55条点评,在售 商住 轨交房 学校 大阳台 医院
,[浦口江浦街道]沿山东路188号（南京工业大学北门）,户型：别墅建筑面积：153.68-161.53㎡,,国信自然天城
10条点评,待售 别墅 改善房 豪宅 湖景 低密度
,[江宁湖熟]湖熟街道灵顺北路（秦湖大酒店对面）,户型：2室/3室建筑面积：73.92-114㎡,,恒建金陵美域
22条点评,待售 住宅 即将开盘 学校 人车分流 大阳台
,[建邺河西南部]南外与太清路交汇处,户型：3室/4室/5室建筑面积：87-141㎡,,佳兆业城市广场
19条点评,待售 住宅 大阳台 大客厅 南北通透 使用面积多
,[南京周边滁州]港口路近内环南路,户型：2室/4室/5室建筑面积：86-146㎡,均价6000元/㎡,明发桃源香颂
10条点评,在售 住宅 改善房 学校 投资地产 品牌开发商
,[栖霞仙林]学衡路1号,户型：商住建筑面积：50-50㎡,最低26000元/㎡起,九霄梦天地
17条点评,在售 商住 轨交房 酒店式公寓 学校 复合地产
,[雨花台板桥]新湖大道与华兴路交汇处（新城七期地块...,户型：商住建筑面积：37㎡,,富力星光里
11条点评,在售 商住 即将开盘 酒店式公寓 医院 大型超市
,[高淳高淳]濑渚路2号,建筑面积：120000㎡,总价800万元/套起,福源名居
14条点评,在售 别墅 投资地产 低密度 大阳台 大客厅
,[玄武后宰门]玄武中山东路301号,户型：2室/3室/4室建筑面积：83-174㎡,,钟山颐府
6条点评,待售 住宅 轨交房
,[高淳高淳]振兴路180号、胥溪路9号（振兴路以南）,户型：2室/3室建筑面积：87.32-110.21㎡,,垠领城市街区
18条点评,待售 住宅 低密度 大阳台 南北通透 低单价
,[南京周边句容]黄梅镇黄龙路与汤山S122出口交汇处（凤...,建筑面积：69㎡,均价7000元/㎡,碧桂园华东科技新城
1条点评,在售 商务公寓 投资地产 美食街 车位充足 运动健身
,[溧水溧水]溧水永阳镇珍珠南路199号,户型：别墅建筑面积：200-250㎡,,创源无想墅
9条点评,待售 别墅 大阳台 阁楼 大户型 双阳台
,[溧水溧水]宝塔路99号,户型：1室/商住建筑面积：65-70㎡,均价13500元/㎡,南京星世界中心
11条点评,在售 商住 酒店式公寓 复式 loft 综合体
,[南京周边句容]仙林大道与汤龙路交汇东南角,户型：2室/3室/4室建筑面积：80-123㎡,,碧桂园仙林东郡
31条点评,待售 住宅 刚需房 投资地产 大阳台 大客厅
,[鼓楼鼓楼滨江]建宁路与热河路交叉口，天妃宫小学旁以...,户型：2室/3室建筑面积：79-109㎡,,龙湖春江紫宸
68条点评,待售 住宅 品牌开发商 大阳台 景观小区 大客厅
,[建邺河西中部]江东中路与雨润大街交汇处,建筑面积：700000㎡,均价21000元/㎡,南京金融城
10条点评,在售 办公楼 轨交房 商场 投资地产 银行
,[建邺河西南部]江东南路与龙王大街交汇处,建筑面积：317000㎡,均价30000元/㎡,金地中心菁华
1条点评,在售 酒店式公寓 商场 投资地产 品牌开发商 人车分流
,[秦淮夫子庙]秦淮区安品街牙檀巷(仓家巷东侧，七家...,户型：别墅建筑面积：472.8㎡,,万科安品園舍
12条点评,待售 别墅 轨交房 改善房 学校 豪宅
,[秦淮五老村]秦淮太平南路与白下路交界处,建筑面积：44740㎡,均价23000元/㎡,凤凰和睿大厦,在售 办公楼 轨交房 商场 学校 投资地产
,[浦口顶山街道]浦东北路5号,建筑面积：2000000㎡,均价10000元/㎡,扬子科创总部基地
5条点评,在售 办公楼 学校 投资地产 低单价 银行
,[南京周边句容]贾纪山路近高骊山路,建筑面积：118983㎡,均价12000元/㎡,新城樾府
1条点评,在售 住宅 刚需房 河景 菜市场 大型超市
,[高淳高淳]丹阳湖北路56号,户型：2室/3室/商住建筑面积：25-124㎡,均价8800元/㎡,御沁园三期
16条点评,在售 住宅 美食街 复式 大客厅 南北通透
,[六合雄州]棠景路14号,建筑面积：552708㎡,均价22000元/㎡,紫晶未来城荣寓
12条点评,在售 办公楼 轨交房
,[玄武红山]红山路88号,建筑面积：220000㎡,均价25000元/㎡,南京常发广场,在售 办公楼
,[栖霞燕子矶]经五路与栖霞大道交汇处西北角,建筑面积：36340㎡,,招商1872财富广场
10条点评,待售 购物中心 轨交房 即将开盘 投资地产 美食街
,[建邺河西中部]建邺泰山路与嘉陵江东街交汇处,建筑面积：165700㎡,,康缘智汇港,待售 办公楼 轨交房 商场 投资地产 精装修
,[江宁百家湖]胜利路99号,建筑面积：115825㎡,均价16000元/㎡,元枫国际
10条点评,在售 办公楼 轨交房 商场 学校 投资地产
,[鼓楼华侨路]中山路99号（华侨路与长江路交汇处、华...,建筑面积：28046㎡,,中山路99号,在售 办公楼
,[浦口桥北]滨江大道1号,建筑面积：200000㎡,均价16000元/㎡,明发外滩中心
11条点评,在售 商业街 轨交房 学校 美食街 江景
,[江宁麒麟科技园]麒麟科技创新园东麒路666号,建筑面积：580000㎡,最低20000元/㎡起,富力水街坊
11条点评,在售 店铺 投资地产 单身公寓 菜市场 银行
,[玄武红山]华飞路1号,户型：3室/4室/5室建筑面积：119-230㎡,均价32000元/㎡,恒大翡翠华庭
58条点评,在售 住宅 轨交房 改善房 品牌开发商 大阳台
,[栖霞晓庄]和燕路396号,建筑面积：46382㎡,均价17400元/㎡,苏宁名都花园
17条点评,在售 商住 轨交房 学校 投资地产 大阳台
,[高淳高淳]高淳新体育中心北侧,户型：2室/3室建筑面积：86-118㎡,,东方曼园
28条点评,待售 住宅 刚需房 学校 大阳台 南北通透
,[玄武孝陵卫]江苏省农业科学院和双拜岗路交汇处,户型：2室/3室建筑面积：88-118㎡,最低32000元/㎡起,大发融悦
44条点评,在售 住宅 轨交房 学校 低密度 大阳台
,[南京周边句容]宝华镇仙林大道与鸿堰南路交汇处东南段,户型：3室建筑面积：88-111㎡,,远洋心里
36条点评,待售 住宅 刚需房 投资地产 品牌开发商 大客厅
,[栖霞仙林]仙林大道与经天路交汇处（经天路地铁站...,户型：别墅建筑面积：655-656㎡,,高科紫微堂
1条点评,待售 别墅 轨交房 改善房 学校 湖景
,[浦口老山珍珠泉]浦口汤泉镇银泉路88号（银泉路以北）,户型：别墅建筑面积：168-201㎡,,大吉公元
24条点评,待售 别墅 改善房 养老房 豪宅 投资地产
,[栖霞马群]马群街道2号（招商紫金山1号西侧）,户型：3室/4室建筑面积：160-255㎡,,复地御钟山
41条点评,待售 住宅 轨交房 大阳台 大客厅 大平层
,[南京周边滁州]椒陵大道,户型：别墅建筑面积：228㎡,总价190万元/套,福爵花语城
5条点评,在售 别墅 改善房 即将开盘 学校 投资地产
,[南京周边句容]沪蓉高速,户型：1室/别墅建筑面积：60-214㎡,总价336万元/套,汤山鎏园
11条点评,在售 别墅 改善房 温泉 养老房 大阳台
,[江宁大学城]弘景大道,户型：别墅建筑面积：137-175㎡,均价30000元/㎡,鲁能泰山7号院
33条点评,在售 别墅 轨交房 改善房 品牌开发商 低密度
,[高淳高淳]芜太路与石臼湖北路交汇处,户型：2室/3室/4室建筑面积：92-170㎡,,高淳碧桂园
35条点评,待售 住宅 大阳台 南北通透 低单价 大型社区
,[建邺河西中部]汉中门大街与扬子江大道交汇处,建筑面积：157600㎡,均价40000元/㎡,南京涵碧楼
22条点评,在售 商住 商场 酒店式公寓 江景 医院
,[鼓楼鼓楼滨江]姜家圩路与淮滨路交汇处,建筑面积：113822㎡,均价38995元/㎡,中海桃源里
14条点评,在售 住宅 改善房 商场 江景 品牌开发商
,[江宁禄口]江宁天禄大道139号,建筑面积：21356㎡,均价9000元/㎡,Free自由度
1条点评,在售 酒店式公寓 商场 投资地产 车位充足 大型超市
,[玄武徐庄软件园]玄武玄武大道699-18号,建筑面积：400000㎡,均价12000元/㎡,百家汇科技社区
3条点评,在售 办公楼 轨交房 投资地产 车位充足 公交枢纽
,[南京周边句容]华阳西路与石狮路交汇处,建筑面积：300000㎡,均价8600元/㎡,天悦容城
5条点评,在售 住宅 投资地产 刚需房 学校 医院
,[江宁大学城]龙眠大道568号（科教创新园）,建筑面积：209623㎡,均价15800元/㎡,MAX科技园,在售 办公楼 轨交房 学校 人工湖 景区
,[雨花台南京南站]北广场东侧（高铁北售楼处旁）,建筑面积：45000㎡,最低16000元/㎡起,金轮星立方
10条点评,在售 办公楼 轨交房 投资地产 美食街 银行
,[江宁麒麟科技园]江宁麒麟科技创园窦村街5号,建筑面积：320000㎡,均价12000元/㎡,神州智慧天地南京麒麟智慧园,在售 办公楼 投资地产 河景 银行 公园
,[鼓楼鼓楼滨江]下燕路与宝塔桥东街交汇处,建筑面积：47000㎡,均价16200元/㎡,南京滨江总部基地商务区,在售 办公楼 轨交房 投资地产 江景 大型超市
,[建邺河西南部]东至平良大街，南至永初路，西至规划道...,建筑面积：91825㎡,,河西金茂府
12条点评,待售 住宅 轨交房
,[秦淮朝天宫]中山南路501号,建筑面积：79000㎡,,泰禾南京院子
18条点评,待售 别墅 轨交房 改善房 即将开盘 豪宅
,[鼓楼湖南路]湖南路47号凤凰台饭店,建筑面积：75393㎡,均价80000元/㎡,湖南路地下商业街
12条点评,在售 商业街 轨交房 投资地产 湖景 美食街
,[南京周边其他]来安县汊河新城104国道与长江路交汇处,建筑面积：78222㎡,,香江黄金时代,待售 住宅 刚需房 低单价 投资地产 医院
,[溧水溧水]溧水秦淮大道,建筑面积：206305㎡,均价19000元/㎡,顾家欧亚达商业广场
3条点评,在售 店铺 商场 投资地产 美食街 广场
,[浦口高新区]星火路与东大路交汇处,建筑面积：140000㎡,最低10800元/㎡起,星智汇商务花园,在售 办公楼 轨交房 学校 投资地产 银行
,[浦口江浦街道]黄山岭路与狮山路交汇处,建筑面积：325742㎡,,金隅紫京叠院
10条点评,待售 住宅 改善房 景区 投资地产 景观小区
,[建邺河西中部]建邺江东中路333号,建筑面积：23000㎡,均价38000元/㎡,南京金奥国际商务中心,在售 办公楼 轨交房 投资地产 美食街 医院
,[溧水溧水]溧水交通东路,建筑面积：260000㎡,,南京五洲星世纪商贸城
8条点评,待售 店铺 商场 投资地产 美食街 广场
,[雨花台板桥]软件谷大周路88号,建筑面积：610000㎡,,软件谷科创城,待售 办公楼
,[溧水溧水]洪蓝镇金牛北路666号,建筑面积：33225㎡,,溧都桂苑
11条点评,待售 别墅 人工湖 低密度 景观小区 车位充足
,[六合雄州]龙津桥以东滁河以南（宝润斜对面）,建筑面积：50-70㎡,,御珑湾理想城
11条点评,待售 酒店式公寓 轨交房 刚需房 投资地产 单身公寓
,[浦口高新区]蓝海路,户型：2室/3室/4室/商住建筑面积：34-92㎡,均价14000元/㎡,弘阳时光里
95条点评,在售 商住 轨交房 刚需房 品牌开发商 婚房
,[鼓楼三牌楼]福建路与广东路交汇处,户型：商住建筑面积：170-181㎡,均价18000元/㎡,创客
11条点评,在售 商住 商场 投资地产 医院 大客厅
,[浦口顶山街道]东北至纵四路，西南至七里河大街，西北...,户型：3室建筑面积：95-125㎡,,绿地海悦
13条点评,待售 住宅 科技住宅 改善房 商场 江景
,[高淳高淳]北岭路182号（丹阳湖北路与北岭路交汇...,户型：3室/4室建筑面积：114.24-178.54㎡,,中杭国际花园
7条点评,待售 住宅 低单价 商场 综合体 大型超市
,[浦口顶山街道]珍珠南路1号,户型：2室/3室/4室/5室建筑面积：84-290㎡,最低23800元/㎡起,恒辉假日广场
53条点评,在售 住宅 商场 学校 人车分流 复式
,[高淳高淳]开发区古檀大道与九龙山路交汇处（管委...,户型：1室/3室/4室建筑面积：78-125㎡,,万悦城
39条点评,待售 住宅 学校 大阳台 医院 大客厅
,[溧水溧水]金牛北路369号（无想山森林公园西麓）,户型：别墅建筑面积：164.19-359.14㎡,,福晟庭院
9条点评,待售 别墅 大阳台 大客厅 南北通透 低单价
,[高淳高淳]双牌石大街288号（紧邻漆桥镇政府大楼...,户型：2室/3室建筑面积：81-135㎡,,双富嘉园
13条点评,待售 住宅 大阳台 大客厅 南北通透 低单价
,[溧水溧水]经济开发区红光路,户型：2室建筑面积：93-94㎡,,万景佳苑
9条点评,待售 住宅 刚需房 婚房 低单价 社区超市
,[溧水溧水]溧水东屏镇金山路95号,户型：别墅建筑面积：540㎡,,金山府
6条点评,待售 别墅 养老房 豪宅 景观小区 大户型
,[江宁谷里]牛首山南R26;丹阳大道111号,户型：别墅建筑面积：203.66-214.18㎡,总价700万元/套起,瑞景叶泊蓝山
14条点评,在售 别墅 改善房 豪宅 投资地产 低密度
,[高淳高淳]芜太路与北漪路交汇处,户型：2室建筑面积：95-115㎡,,中宏万家广场
27条点评,待售 住宅 刚需房 投资地产 大阳台 大客厅
,[江宁汤山]麒麟门大道6699号,户型：别墅建筑面积：320㎡,,绿城桃花源
10条点评,待售 别墅 改善房 温泉 豪宅 品牌开发商
,[浦口老山珍珠泉]假日路8号（宁合高速汤泉镇出口）,户型：别墅建筑面积：204.81-205㎡,总价1000万元/套起,山河水
8条点评,在售 别墅 改善房 带网球场 投资地产 低密度
,[南京周边句容]狮子山路近玉兰路,户型：别墅建筑面积：165-205㎡,均价18000元/㎡,碧桂园仙林云墅
5条点评,在售 别墅 改善房 投资地产 品牌开发商 大阳台
,[六合龙池]宁六路与龙池路交汇处,户型：2室/3室建筑面积：55-124㎡,,石林中心城
38条点评,待售 住宅 轨交房 刚需房 商场 大阳台
,[六合大厂]大厂凤滨路18号（九龙公园对面）,户型：2室/3室建筑面积：87-138㎡,,福基九龙新城
15条点评,待售 住宅 轨交房 刚需房 商场 学校
,[溧水溧水]傅家边国家AAA级旅游风景区（傅家边现...,户型：7室/别墅建筑面积：231.28-252.2㎡,,森湖溪谷
7条点评,待售 别墅 大阳台 大客厅 南北通透 大平层
,[浦口桥林新城]新区南京软件园（西区）江城大道与行知...,建筑面积：60658㎡,均价8400元/㎡,浦潮创立方
3条点评,在售 办公楼 学校 投资地产 医院 银行
,[六合龙池]时代大道,户型：2室/3室/7室建筑面积：83-168㎡,均价11000元/㎡,骋望七里楠花园
53条点评,在售 住宅 大阳台 南北通透 低单价 全朝南
,[鼓楼江东]鼓楼清江南路（苏宁睿城旁）,建筑面积：59926㎡,均价22000元/㎡,南京越洋国际商务中心,在售 办公楼 轨交房 投资地产 医院 车位充足
,[鼓楼湖南路]鼓楼中央路70号,建筑面积：26765㎡,均价23000元/㎡,万和尊邸,在售 办公楼 轨交房 投资地产 湖景 医院
,[雨花台铁心桥]善桥街道单家村街与岱山南路交汇处,建筑面积：173192㎡,,绿城云栖玫瑰园
11条点评,待售 住宅 改善房 景观小区 豪宅 洋房
,[南京周边句容]仙林大道与宝华大道交汇处,建筑面积：687667㎡,,碧桂园中天东方骏庭
8条点评,待售 住宅 刚需房 改善房 大型社区 山景
,[建邺河西中部]江东中路与江东门北街交汇处,建筑面积：362368㎡,,南京建邺吾悦广场
10条点评,待售 商住
,[玄武孝陵卫]钟灵街50号（国有空地与江苏省农业科学...,户型：2室/3室/4室建筑面积：90-165㎡,,五矿晏山居
50条点评,售罄 住宅 轨交房 复式 大阳台 大客厅
,[江宁大学城]丽泽路599号,户型：4室/别墅建筑面积：213-258㎡,总价1100万元/套起,五矿九玺台
16条点评,售罄 别墅 品牌开发商 低密度 大阳台 大客厅
,[鼓楼城中]中山北路215号（中山北路西南侧）,户型：1室/3室/6室建筑面积：48-260㎡,均价18000元/㎡,中商万豪
28条点评,售罄 住宅 酒店式公寓 投资地产 单身公寓 大客厅
,[溧水溧水]秦淮大道399号,户型：2室/3室建筑面积：89-138㎡,,爱涛天岳城
33条点评,售罄 住宅 改善房 商场 学校 大阳台
,[建邺河西南部]天河路南外河西分校旁（天河路与恒河路...,户型：3室/4室建筑面积：90-142㎡,,五矿崇文金城
35条点评,售罄 住宅 大阳台 南北通透 双阳台 三房朝南
,[建邺河西南部]江东南路与龙王大街交汇处,户型：3室/4室建筑面积：98-140㎡,,金地中心风华
11条点评,售罄 住宅 改善房 商场 投资地产 人车分流
,[江宁百家湖]双龙大道1539号（双龙大道与天元路交汇...,户型：2室/3室/4室建筑面积：68-179㎡,,21世纪百家湖1号
28条点评,售罄 住宅 轨交房 刚需房 豪宅 游乐园
,[江宁江宁]东山街道(西至府东路，北至上元大街，...,户型：3室建筑面积：260-290㎡,总价1100万元/套,江宁万达广场
20条点评,售罄 别墅 商场 大阳台 大客厅 大平层
,[浦口江北]江浦二中北侧城南河5号,户型：3室建筑面积：92-114㎡,均价23500元/㎡,明发珠江国际
25条点评,售罄 住宅 大客厅 南北通透 大户型 飘窗
,[栖霞晓庄]幕府东路迈皋桥支路(幕府东路236号旁),户型：2室/3室/4室建筑面积：75-119㎡,均价27000元/㎡,紫金铭苑
10条点评,售罄 住宅 轨交房 改善房 低密度 车位充足
,[江宁横溪]甘泉湖路,户型：别墅建筑面积：238-355㎡,总价350万元/套起,中浩青溪庄园
24条点评,售罄 别墅 带网球场 投资地产 低密度 大阳台
,[江宁江宁]诚信大道英华达对面,户型：2室建筑面积：79-91㎡,,翠屏湾花园城二期
15条点评,售罄 住宅 刚需房 车位充足 菜市场 使用面积多
,[溧水溧水]秦淮路北路9号（东至秦淮路，南至马场...,户型：2室/3室建筑面积：82.86-87.35㎡,,金东城世家
20条点评,售罄 住宅 低密度 大阳台 南北通透 低单价
,[江宁江宁]将军大道2号,户型：别墅建筑面积：370-650㎡,总价2200万元/套起,运盛美之国花园
12条点评,售罄 别墅 改善房 豪宅 投资地产 低密度
,[建邺河西中部]建邺区河西南部27-1号地块,户型：3室/4室建筑面积：95-144㎡,,正荣润峯
47条点评,售罄 住宅 改善房 豪宅 品牌开发商 人车分流
,[浦口江浦街道]珠江镇白马路90号,户型：3室/4室/别墅建筑面积：194-420㎡,总价700万元/套起,东方熙龙山院
23条点评,售罄 别墅 低密度 大阳台 大客厅 南北通透
,[六合江北]雄州街道园林西路188号,户型：2室/3室建筑面积：89.16-131.33㎡,均价9000元/㎡,清香雅苑
17条点评,售罄 住宅 刚需房 大阳台 医院 南北通透
,[鼓楼城中]鼓楼中央北路与幕府东路交汇处（地铁3...,户型：商住建筑面积：60㎡,均价16000元/㎡,绿地缤纷广场
5条点评,售罄 商住 投资地产 品牌开发商 医院 大型超市
,[高淳高淳]三保路,户型：3室/4室建筑面积：141-188㎡,均价8414元/㎡,隆豪翡翠星城
8条点评,售罄 住宅 学校 大阳台 医院 大客厅
,[溧水溧水]金湖路100号（金湖路以东，镇政府以南...,户型：3室建筑面积：116-126.31㎡,均价5000元/㎡,金湖家园
25条点评,售罄 住宅 低密度 大阳台 南北通透 低单价
,[浦口江北]珍珠泉旅游度假区绿园路88号（紧邻珍珠...,户型：别墅建筑面积：759.09-876.56㎡,总价18000万元/套起,绿城玫瑰园
24条点评,售罄 别墅 豪宅 低密度 大阳台 高尔夫球场
,[高淳高淳]高淳淳溪镇宝塔路269号,户型：2室/3室建筑面积：96-140㎡,均价6300元/㎡,红太阳国际财智广场
7条点评,售罄 住宅 全朝南 双阳台 入户花园 主卧套房
,[栖霞仙林]仙林大道南侧（学子路与灵山北路交界处...,户型：别墅建筑面积：228-228㎡,总价800万元/套起,英郡华府
13条点评,售罄 别墅 轨交房 商场 学校 大阳台
,[高淳高淳]北岭路287号（武家嘴国际酒店旁）,户型：2室建筑面积：89-124㎡,均价6600元/㎡,奕淳绿园
12条点评,售罄 住宅 刚需房 改善房 商场 人车分流
,[江宁科学园]江宁区东山镇莱茵达路12号,户型：2室/3室建筑面积：82-118㎡,均价24360元/㎡,都市丽景
7条点评,售罄 住宅 轨交房
,[鼓楼城中]鼓楼将军庙40号,户型：3室/5室建筑面积：241-604㎡,总价900万元/套,天将孝门
7条点评,售罄 住宅 复式 大阳台 大客厅 南北通透
,[浦口江浦街道]象山路18号（新江中北侧）,户型：2室/3室/4室建筑面积：90-133㎡,,通宇林景雅园
5条点评,售罄 别墅 改善房 商场 学校 豪宅
,[江宁江宁]天元中路与外秦淮河的交汇处，沿河畔绿...,户型：3室建筑面积：86-139㎡,均价22000元/㎡,朗诗玲珑屿
67条点评,售罄 住宅 南北通透 飘窗 大主卧 双卫
,[雨花台城南]雨花台区宁南街道铁路南站站中七路明城...,户型：3室建筑面积：90-135㎡,均价31500元/㎡,万科尚都荟
34条点评,售罄 住宅 大阳台 大客厅 南北通透 三房朝南
,[建邺河西中部]建邺螺塘街与规划道路交汇处,户型：2室/3室/4室建筑面积：78-138㎡,均价35000元/㎡,鲁能公馆
48条点评,售罄 住宅 大阳台 大客厅 南北通透 大户型
,[雨花台安德门]雨花软件大道168号,建筑面积：144000㎡,最低15000元/㎡起,润和创智中心
2条点评,在售 办公楼 轨交房 学校 投资地产 银行
,[南京周边滁州]全椒县纬五路与经二路交叉口向南200米,建筑面积：110000㎡,,明发碧桂园桃源观澜
10条点评,待售 住宅 投资地产 湖景 品牌开发商 低单价
,[鼓楼江东]鼓楼汉中门大街301号（清江路与集庆门...,建筑面积：2300000㎡,最低25000元/㎡起,苏宁睿城慧谷中心,在售 办公楼 轨交房 投资地产 医院 银行
,[溧水溧水]溧水区团山路1号,建筑面积：245000㎡,,世纪天城
5条点评,待售 别墅 改善房 学校 养老房 投资地产
,[浦口江浦街道]浦口新城望江路,建筑面积：440000㎡,,福中智慧城
1条点评,待售 办公楼 轨交房 学校 投资地产 江景
,[江宁大学城]高新园G104国道旁,建筑面积：800000㎡,均价16000元/㎡,万宇汽车五金博览中心
10条点评,在售 店铺 游乐园 美食街 运动健身 银行
,[建邺江心洲]江心洲中部星月街,户型：3室/4室建筑面积：95-165㎡,,胜科星洲府项目
12条点评,待售 住宅 轨交房 改善房 江景 品牌开发商
,[江宁九龙湖]双龙大道以东、云台山河路以北,建筑面积：90239㎡,,葛洲坝融创南京紫郡府项目
1条点评,待售 别墅 轨交房 刚需房 改善房 商场
,[江宁九龙湖]栖隐路以东、学林东路以南,建筑面积：73216㎡,,银城G54地块
1条点评,待售 住宅 轨交房 投资地产 改善房 湖景
,[江宁淳化]省道122与县道302交汇处,建筑面积：135691㎡,,景枫城市山谷项目
8条点评,待售 别墅 改善房 品牌开发商 低密度 景观小区
,[栖霞尧化门]东至翠林北路、南至新城路、西至和苑南...,建筑面积：110164㎡,,栖霞鲁能公馆项目,待售 住宅 刚需房 品牌开发商 人车分流 车位充足
,[建邺河西南部]东至吴侯街，南至规划道路，西至空地，...,建筑面积：461951㎡,,正荣滨江紫阙项目,待售 住宅 改善房 学校 豪宅 科技住宅
,[江宁滨江]东至中元北路，南至锦文路，西至弘利路...,,,鲁能硅谷公馆项目
10条点评,待售 住宅 刚需房 江景 投资地产 品牌开发商
,[鼓楼小市]物业地址鼓楼南京邮电大学与南瑞路交...,建筑面积：43290㎡,,瑞厦G01地块
7条点评,待售 住宅 轨交房
,[雨花台板桥]雨花现状道路与乔家庄组集体土地交汇处,建筑面积：236424㎡,,星叶欢乐城项目,待售 住宅 改善房 学校 投资地产 品牌开发商
,[栖霞尧化门]栖霞尧化街道尧辰路与金尧路交汇处,,,德胜G67地块
3条点评,待售 办公楼
,[鼓楼鼓楼滨江]东至姜家园，南至察哈尔路，西至热河南...,建筑面积：161211㎡,,桃园世纪项目
10条点评,待售 住宅 改善房 江景 学校 科技住宅
,[浦口顶山街道]七里桥北路西2号,建筑面积：89271㎡,,通宇林景紫园项目
10条点评,待售 住宅
,[溧水溧水]南京市溧水区金龙南路与珍珠南路交汇处,建筑面积：169706㎡,,爱涛天禧明庭项目
13条点评,待售 住宅 学校 医院 菜市场 公园
,[秦淮新街口]太平南路与马府街交汇西北角位置,建筑面积：30780㎡,,首建中心项目
5条点评,待售 办公楼 轨交房
,[浦口顶山街道]胜利圩滨江地块（金浦海德卫城对岸）,建筑面积：3600000㎡,,北岸新城项目
13条点评,待售 住宅 刚需房 投资地产 婚房 低单价
,[建邺河西中部]建邺河西大街与江东路交汇处,建筑面积：380580㎡,,南京环球贸易广场项目,待售 办公楼 轨交房 投资地产 美食街 大型超市
,[浦口老山珍珠泉]佛手湖路珍七路9号（老山国家森林公园...,建筑面积：178900㎡,,融创南京桃花源项目
10条点评,待售 别墅 改善房 养老房 低密度 景观小区
,[浦口江浦街道]华山路和新竹路交汇处,建筑面积：160000㎡,,智汇老山项目
10条点评,待售 商务公寓 投资地产 景区 银行 公园
,[江宁禄口]永欣大道与湖泰路交汇处,,,蓝天慧融花园项目
8条点评,待售 住宅 低单价 刚需房 投资地产 学校
,[溧水溧水]北至青年东路、南至中山东路、东至246...,,,北大资源溧水地块,待售 住宅
,[栖霞仙林]栖霞文苑路与学海路交汇处（南京邮电大...,建筑面积：93980㎡,,仙林国际项目
1条点评,待售 办公楼 轨交房 投资地产 美食街 景区
,[建邺江心洲]建邺江心洲夹江大桥与葡园路交汇处,建筑面积：99548㎡,,升龙桃花园著项目
6条点评,待售 别墅 轨交房 非毛坯
,[浦口老山珍珠泉]浦口珍七路1号（七珍线旁）,建筑面积：150000㎡,,佛手湖森林庄园项目
9条点评,待售 别墅 养老房 豪宅 景区 旅游地产
,[鼓楼鼓楼滨江]热河南路与江边路交汇处,建筑面积：41000㎡,,当代万国府ΜΟΜΛ项目
6条点评,待售 住宅
,[南京周边句容]仙林东路28号,户型：2室/3室/4室建筑面积：74-120㎡,均价6800元/㎡,天正理想城
24条点评,售罄 住宅 养老房 大阳台 南北通透 低单价
,[江宁江宁]江宁东山镇河定桥上元大街88号（河定桥...,户型：1室/2室/3室建筑面积：68.16-163.33㎡,,金王府,售罄 住宅
,[雨花台雨花台]新城大街与新湖大道交界处,户型：2室/3室/4室建筑面积：67.59-140㎡,均价15000元/㎡,宋都南郡国际
34条点评,售罄 住宅 刚需房 湖景 美食街 复式
,[江宁江宁]秣陵街道兴苑路18号（义乌小商品城南侧...,户型：2室/3室建筑面积：87-139㎡,,融侨世家
5条点评,售罄 住宅 大阳台 南北通透 双阳台 三房朝南
,[浦口江北]沿江街道京新628号（浦口浦洲路南侧）,户型：2室/3室建筑面积：87.51-128.8㎡,均价11000元/㎡,天润城
91条点评,售罄 住宅 刚需房 商场 学校 游乐园
,[栖霞仙林]学海路和文成路交汇处（仙林金鹰奥莱城...,户型：3室/4室建筑面积：95-125㎡,,中天铭廷
84条点评,售罄 住宅 科技住宅 改善房 品牌开发商 大阳台
,[浦口江北]长江大桥北堡公园滨江大道1号,户型：1室建筑面积：46-54㎡,,明发长江派对,售罄 住宅
,[江宁江宁]江宁科宁路和竹山路的交界处,户型：3室建筑面积：90-112㎡,均价21000元/㎡,旭辉九著
58条点评,售罄 住宅 改善房 品牌开发商 车位充足 南北通透
,[雨花台城南]花神大道11号（软件大道地铁站入口旁）,户型：别墅建筑面积：397㎡,均价25000元/㎡,宏图上水庭院
25条点评,售罄 别墅 大客厅 菜市场 阁楼 银行
,[鼓楼城中]清凉门大街1号,户型：1室/2室/3室建筑面积：54-145㎡,,中海凤凰熙岸
27条点评,售罄 住宅 酒店式公寓 学校 大阳台 医院
,[江宁江宁]秣陵街道天元东路388号（江宁义乌小商...,户型：1室/2室建筑面积：45-118㎡,,城市之光国际公寓,售罄 住宅 商场 酒店式公寓 豪宅 大阳台
,[栖霞仙林]仙林湖以北1号（东至湖北东路，北至望...,户型：2室/3室建筑面积：87-138㎡,,保利罗兰香谷,售罄 住宅
,[江宁江宁]东山街道宏运大道4699号,户型：2室/3室/4室建筑面积：87-166㎡,均价17000元/㎡,爱涛尚逸华府
29条点评,售罄 住宅 大阳台 南北通透 三房朝南 大主卧
,[秦淮城中]永乐路洪家园1号,户型：商住建筑面积：40-50㎡,均价21000元/㎡,绿国万象都荟
46条点评,售罄 商住 酒店式公寓 医院 大型超市 银行
,[白下城中]八宝东街，东邻解放南路，南到尚书里、...,户型：3室/4室建筑面积：142-170㎡,均价32000元/㎡,金基尚书里
30条点评,售罄 住宅 酒店式公寓 投资地产 复式 大阳台
,[江宁江宁]江宁大学城西至弘景大道，南至吉印大道...,户型：3室/4室/别墅建筑面积：72-210㎡,,银城一方山
62条点评,售罄 住宅 南北通透 洋房 社区超市 综合体
,[江宁江宁]江宁大学城龙眠大道588号（地铁南京交...,户型：1室/2室/4室建筑面积：62.75-150.06㎡,,东方龙湖湾,售罄 住宅
,[浦口江北]高新区蓝海路以北、侨康路以南,户型：2室/3室建筑面积：70-105㎡,,绿地悦峰公馆
47条点评,售罄 住宅 刚需房 商场 投资地产 美食街
,[江宁江宁]江宁秣陵街道清水亭东路158号（开发区...,户型：3室/4室建筑面积：143-174㎡,,恒大绿洲
2条点评,售罄 住宅 非毛坯
,[江宁江宁]天元中路128号(双龙大道与天元中路交界...,户型：1室/3室建筑面积：41-102㎡,,诚基百家湖小公馆,售罄 住宅
,[江宁江宁]地秀路以东、纬五路以北,户型：2室/3室建筑面积：83-95㎡,,新理想家
21条点评,售罄 住宅 刚需房 学校 湖景 低单价
,[栖霞仙林]仙林大道128号（南外中学部西侧）,户型：别墅建筑面积：240-337㎡,,万山庭院
16条点评,售罄 住宅 学校 大阳台 大客厅 三房朝南
,[鼓楼其他]江东北路333号（原金盛百货）,户型：2室/3室/4室建筑面积：72-166㎡,,郑和国际广场
1条点评,售罄 住宅 商场 大阳台 医院 南北通透
,[鼓楼其他]龙江东宝路与清江路交界处西北角（东临...,户型：1室/2室/3室建筑面积：41.37-124.09㎡,,天玺国际广场,售罄 住宅
,[浦口江北]大桥北路48号,户型：1室建筑面积：40-47㎡,,弘阳壹号,售罄 住宅
,[六合江北]新建南路188号（新横路与X703公路交汇...,户型：2室/3室建筑面积：85.56-99.41㎡,均价4500元/㎡,百露园
10条点评,售罄 别墅 学校 大阳台 南北通透 低单价
,[六合江北]金牛湖街道茉莉花路368号,户型：2室/3室建筑面积：75-92.6㎡,,金牛华府
2条点评,售罄 商住 商场 医院 低单价 大型超市
,[江宁江宁]麒麟街道悦民街128号,户型：2室/3室/4室建筑面积：37-139.3㎡,,东方红郡
2条点评,售罄 住宅 科技住宅 复式 大阳台 南北通透
,[建邺河西中部]月安街与乐山路交汇处,户型：2室/3室/4室建筑面积：90-143㎡,,莱蒙水榭春天,售罄 住宅 学校 豪宅 美食街 大阳台
,[溧水溧水]宝塔北路16号（机场路与宝塔路交叉口的...,户型：2室/3室建筑面积：79-126㎡,均价5900元/㎡,一品骊城
18条点评,售罄 住宅 大阳台 大客厅 低单价 三房朝南
,[浦口江北]浦口泰西路28号（泰山新村转盘西侧500...,户型：3室/4室建筑面积：88-129㎡,均价12000元/㎡,泰来苑
43条点评,售罄 住宅 商场 投资地产 大阳台 低密度
,[六合江北]大厂葛中路扬子二中旁,户型：2室/3室建筑面积：73-108㎡,均价7300元/㎡,荣盛文承熙苑
26条点评,售罄 住宅 刚需房 学校 大阳台 大客厅
,[栖霞城东]马群环陵路99号（天泓山庄北侧，东面与...,户型：3室建筑面积：133.38-191.13㎡,,紫园
3条点评,售罄 住宅 投资地产 低密度 大阳台 医院
,[栖霞城北]安怀东路与和燕路交汇处（金港大厦西北...,户型：2室/3室/5室建筑面积：94-260㎡,,恒基九珑天誉,售罄 住宅 大阳台 医院 南北通透 大型超市
,[江宁江宁]江宁庄排路179号（东临地铁小龙湾站，...,户型：1室/2室/3室建筑面积：65-138㎡,,瑞鸿名邸,售罄 住宅
,[浦口江北]浦园北路一号,户型：2室/3室建筑面积：87-138㎡,,江月府
9条点评,售罄 住宅 刚需房 改善房 商场 大阳台
,[浦口江北]浦口高新区丽景路与惠达路交汇处（地铁...,户型：3室/4室建筑面积：89-132㎡,,艾菲国际
10条点评,售罄 住宅 大阳台 南北通透 三房朝南 飘窗
,[六合江北]东北至莉湖二号路，西南至莉湖三号路，...,户型：2室/3室建筑面积：65.82-110.65㎡,均价6900元/㎡,荣盛莉湖春晓
78条点评,售罄 住宅 大阳台 大客厅 南北通透 大型社区
,[浦口江北]珍珠南路2号（浦口服装城旁边）,户型：2室/3室建筑面积：84-126㎡,,明发城市广场
3条点评,售罄 住宅 投资地产 大阳台 单身公寓 南北通透
,[江宁江宁]利源中路、胜太西路交界处,户型：1室建筑面积：47-59㎡,,汇金新天地,售罄 住宅 酒店式公寓 投资地产 大阳台 单身公寓
,[浦口江北]江浦街道雨山西路95号（江浦街道环城西...,户型：2室/3室/4室建筑面积：91.29-179.8㎡,,雨山美地
3条点评,售罄 住宅 低密度 大阳台 单身公寓 南北通透
,[江宁江宁]秣陵街道修文路9号（地铁一号南延线中...,户型：2室/3室建筑面积：117-139㎡,,保利梧桐语
33条点评,售罄 住宅 投资地产 大阳台 南北通透 景区
,[江宁江宁]江宁秣陵街道开源路9号（开源路以东，...,户型：1室/2室/3室建筑面积：63-105㎡,,鸿意万嘉,售罄 住宅
,[建邺河西中部]庐山路158号（富春江东街，庐山路交汇...,户型：1室/2室/3室/4室建筑面积：74.85-411.66㎡,,嘉业国际城,售罄 住宅 非毛坯
,[建邺河西中部]松花江西街66号（兴隆大街，月安街交汇...,户型：3室/4室建筑面积：170.85-262.52㎡,,天正滨江,售罄 住宅
,[江宁江宁]汤山街道温泉路6号（温泉路以南、汤铜...,户型：1室/2室建筑面积：40-75㎡,,城开汤山公馆
12条点评,售罄 住宅 商场 低密度 大阳台 南北通透
,[浦口江北]江浦文德东路5号(江浦客运站旁),户型：2室/3室建筑面积：88-98㎡,均价22000元/㎡,美麟香漫山
30条点评,售罄 住宅 低单价 山景 低总价 飘窗
,[玄武城东]柳营村108号（顾家营路与宁杭公路交界...,户型：3室/4室建筑面积：128-168㎡,,宏图上逸园,售罄 住宅 投资地产 人车分流 低密度 景区
,[江宁江宁]九龙湖殷华街36号（骏景华庭对面）,户型：2室/3室建筑面积：80-110㎡,,王子公馆,售罄 住宅
,[江宁江宁]江宁上元大街1088号（公交东山总站西侧...,户型：2室/3室建筑面积：78-127㎡,,天鹅湖花园,售罄 住宅
,[建邺河西中部]江东中路与梦都大街交汇处奥体中心斜...,户型：2室/3室建筑面积：95-112㎡,,南京欧洲城,售罄 商住 商场 综合体 大型超市 广场
,[雨花台城南]雨花东路55号（雨花风景区东大门对面）,户型：4室建筑面积：210-222㎡,均价25000元/㎡,爱涛逸珍公馆
5条点评,售罄 住宅 科技住宅 投资地产 大阳台 洋房
,[浦口江北]浦口珠江镇龙华路10号（南京工业大学西...,户型：3室/4室建筑面积：96-179㎡,,国信阅景龙华,售罄 住宅
,[玄武城北]黑墨营经五路（墨香路与月苑南路交汇）,户型：3室/4室建筑面积：94-135㎡,,墨香山庄,售罄 住宅
,[下关河西]下关新河二村162号,户型：2室/3室建筑面积：90-146㎡,,紫金上河苑,售罄 住宅
,[浦口江北]泰山街道星火南路（大桥北路与泰达路交...,户型：1室/2室/3室建筑面积：64.9-112.7㎡,,铭人丽岛,售罄 住宅
,[江宁江宁]湖熟街道宝塔北路,户型：2室/3室建筑面积：70.7-118.7㎡,,陶然经典
9条点评,售罄 住宅 刚需房 商场 湖景 大阳台
,[六合江北]大厂葛中路扬子二中旁，东南至葛中路，...,户型：2室/3室建筑面积：65.36-109.64㎡,,荣盛文承苑,售罄 住宅 刚需房 大阳台 南北通透 低单价
,[栖霞城北]和燕路498号（苏果超市和燕路店东南侧...,户型：2室/3室建筑面积：96.05-138㎡,,大发燕澜湾
3条点评,售罄 住宅 学校 大阳台 医院 运动健身
,[雨花台城南]小行路29号（地铁一号线安德门站与小行...,户型：2室/3室/4室建筑面积：87-141㎡,,时光澔韵,售罄 住宅
,[建邺河西中部]黄山路12号（河西应天大街与黄山路交汇...,户型：1室/2室建筑面积：35-68㎡,,盛世公馆,售罄 住宅 非毛坯
,[浦口江北]大桥北路33号（金盛家居斜对面）,户型：2室建筑面积：85㎡,,金城丽景
2条点评,售罄 住宅 改善房 商场 学校 大阳台
,[六合江北]雄州街道王桥路199号,户型：2室/3室建筑面积：87-122㎡,均价8800元/㎡,华城名府
21条点评,售罄 住宅 刚需房 商场 大阳台 南北通透
,[秦淮城中]光华路108号（四方新村1号大门旁）,户型：1室/2室/3室建筑面积：68-138㎡,,壹城逸境
14条点评,售罄 住宅 商场 大阳台 医院 南北通透
,[浦口江北]浦口泰冯路69号（南京高新技术开发区对...,户型：2室/3室建筑面积：89.55-130.97㎡,,天华绿谷庄园,售罄 住宅
,[建邺河西中部]月安街50号（苍山路，月安街交汇处）,户型：3室建筑面积：52-138㎡,,汇锦国际凌江
5条点评,售罄 住宅 酒店式公寓 学校 投资地产 复式
,[江宁江宁]秣陵街道诚信大道998号（地铁三号线诚...,户型：1室/2室/3室建筑面积：37-72㎡,,金轮星光名座
6条点评,售罄 住宅 商场 酒店式公寓 投资地产 美食街
,[栖霞城东]和燕路329号（东靠和燕路，北临幕府西...,户型：2室/3室/4室建筑面积：92.96-170.88㎡,,大地伊丽雅特湾
2条点评,售罄 住宅 美食街 大阳台 医院 南北通透
,[六合江北]江北大道与璟湖路交汇口,户型：商住建筑面积：55-168㎡,均价6000元/㎡,璟湖国际
12条点评,售罄 商住 学校 湖景 大阳台 南北通透
,[江宁江宁]江宁规划道路和淳关路交汇处,户型：2室/3室建筑面积：93-113.85㎡,均价11800元/㎡,龙山云居
20条点评,售罄 住宅 刚需房 学校 医院 南北通透
,[栖霞城北]沪宁铁路与金尧路交汇处,户型：3室/4室建筑面积：89-124㎡,,紫金上品苑
21条点评,售罄 住宅 改善房 大阳台 大客厅 南北通透
,[溧水溧水]体育公园路与仪凤南路交汇处新实小西...,户型：2室/3室/4室/5室建筑面积：81.92-175㎡,,观澜东郡
4条点评,售罄 住宅 刚需房 商场 学校 大阳台
,[六合江北]横梁山东路51号,户型：2室/3室/4室建筑面积：85.35-142.32㎡,均价4500元/㎡,雨华鑫苑
14条点评,售罄 住宅 大阳台 低密度 南北通透 低单价
,[溧水溧水]天生桥路666号（溧水天生桥公园门口）,户型：4室/5室/别墅建筑面积：216-302㎡,,百美山庄
6条点评,售罄 住宅 投资地产 大阳台 高尔夫球场 大客厅
,[鼓楼城中]定淮门7号(模范西路与石头城路交汇处),户型：3室/4室建筑面积：130-173㎡,,沁林雅苑,售罄 住宅 大阳台 南北通透 大型超市 银行
,[江宁江宁]禄口镇宁溧路188号（宁溧路东侧）,户型：别墅建筑面积：189.91㎡,,奥斯博恩庄园,售罄 住宅
,[浦口江北]泰西路5-1号（泰山新村转盘道西侧）,户型：2室/3室建筑面积：88-120㎡,,泰山天然居,售罄 住宅 商场 大阳台 医院 南北通透
,[玄武城东]玄武区玄武大道699-39号（徐庄软件园内...,户型：2室/3室建筑面积：64.45-111㎡,,翠屏紫气钟山,售罄 住宅 非毛坯
,[六合江北]六合区大厂5号街区荣盛水景城,户型：1室/3室建筑面积：33.94-110㎡,,阿尔卡迪亚,售罄 住宅
,[江宁江宁]江宁金阳西街南京南站南侧梅香路以西,户型：3室建筑面积：90-115㎡,均价26000元/㎡,万科新都荟
19条点评,售罄 住宅 南北通透 飘窗 大主卧 双卫
,[下关河西]下关江东北路88号（郑和南路与定淮门大...,户型：2室/3室/5室建筑面积：78-172㎡,,苏宁璞邸,售罄 住宅
,[溧水溧水]秀园路1号（东二号路南花园路西韩辛路...,户型：3室建筑面积：109-133㎡,,水岸新都花苑
8条点评,售罄 住宅 改善房 学校 低密度 大阳台
,[六合江北]六合龙城路9号,户型：2室/3室/4室建筑面积：74.4-147㎡,均价8000元/㎡,中北龙池湾
31条点评,售罄 住宅 刚需房 大阳台 医院 大客厅
,[雨花台城南]窑岗村30号,户型：2室/3室建筑面积：79-139㎡,,亚东观云国际,售罄 住宅
,[雨花台城南]小行里姜家营（南临小行路，西临规划道...,户型：3室/4室/5室/别墅建筑面积：106.94-202㎡,,柏悦澜 庭,售罄 住宅
,[栖霞城北]栖霞迈化路与经五路交汇处南侧,户型：2室/3室/4室建筑面积：87-141㎡,,通宇林景御园
3条点评,售罄 住宅 改善房 商场 学校 大阳台
,[六合江北]编钟路90号（程桥镇中心，北靠竹镇）,户型：2室/3室建筑面积：79.47-112.48㎡,均价3150元/㎡,鑫龙花苑
19条点评,售罄 住宅 大阳台 医院 南北通透 低单价
,[溧水溧水]溧水随园路8号（新人民医院南）,户型：2室/3室/5室建筑面积：87.5-176.8㎡,均价7000元/㎡,凤麟府
8条点评,售罄 住宅 学校 复式 大阳台 医院
,[浦口江北]浦口珠江镇龙华路12号（紧邻阅景龙华）,户型：2室建筑面积：84.72㎡,,海都嘉园,售罄 住宅
,[江宁江宁]江宁东山镇双龙大道833号（岔路口以南...,户型：1室建筑面积：53.47㎡,,南方花园瑞阳居,售罄 住宅
,[雨花台雨花台]金阳东街18号,户型：商住建筑面积：42-62㎡,均价20000元/㎡,万科红
2条点评,售罄 商住 投资地产 品牌开发商 单身公寓 公交枢纽
,[玄武城中]长江路109号（南京文化艺术中心东侧）,户型：1室/3室建筑面积：50-130㎡,,长江路九号,售罄 住宅 非毛坯
,[栖霞城北]栖霞大道与燕尧路交汇处（栖霞大道北侧...,户型：2室/3室建筑面积：82-79354㎡,,紫金北郡,售罄 住宅
,[玄武城北]经五路(月苑南路和墨香路交汇处),户型：2室/3室建筑面积：115.78-124㎡,,月苑六村,售罄 住宅 养老房 大阳台 医院 南北通透
,[溧水溧水]体育公园路77号,户型：2室/3室/4室建筑面积：72.54-146㎡,均价7000元/㎡,嘉德园
15条点评,售罄 住宅 刚需房 改善房 商场 大阳台
,[建邺河西中部]河西月安街以南苍山路以东,户型：2室/3室/4室建筑面积：84-177㎡,,茗芳苑,售罄 住宅 菜市场 银行
,[溧水溧水]白龙路2号,户型：别墅建筑面积：481.64㎡,总价708万元/套起,白马湖人居森林花园
6条点评,售罄 别墅 投资地产 湖景 大阳台 大客厅
,[江宁江宁]江宁麒麟镇宝山路1号（锦绣花园公交站...,户型：2室/3室建筑面积：90-123.22㎡,,东城天骄,售罄 住宅
,[建邺河西中部]奥体兴隆大街与燕山路交汇处（东南角）,户型：2室/3室建筑面积：87-128㎡,,丹桂园,售罄 住宅 非毛坯
,[浦口江北]泰山新村泰西路,户型：1室/2室建筑面积：45-90㎡,,浦东大厦,售罄 住宅 投资地产 景区 大型超市 银行
,[六合江北]六合程桥街道编钟东路388号（六合程桥...,户型：2室/3室建筑面积：82-103㎡,,墨林雅苑,售罄 住宅
,[六合葛塘]葛中路（扬子二中旁）,建筑面积：169611㎡,均价14991元/㎡,荣盛首府
12条点评,售罄 住宅 改善房 商场 学校 地暖
,[江宁江宁]江宁东山街道上元大街155号（滨河路武...,建筑面积：58915㎡,最低40000元/㎡起,东山国际滨河街区
6条点评,售罄 办公楼
,[浦口江北]浦口珠江镇团结路98号,建筑面积：200000㎡,均价9500元/㎡,明发智汇城,售罄 办公楼
,[江宁江宁]江宁江宁谷里街道庆兴路8号（庆兴路与...,户型：3室建筑面积：158㎡,,九岛梦都城,售罄 住宅
,[建邺河西中部]建邺江心洲纬七路过江隧道以北04-23地...,户型：3室建筑面积：140㎡,,保利二十四院,售罄 住宅 改善房 豪宅 江景 低密度
,[江宁江宁]江宁开发区将军大道62号（将军路以西、...,户型：1室/2室建筑面积：35.87-85.03㎡,,天泰青城,售罄 住宅 非毛坯
,[浦口江北]红太阳销售中心大桥北路69号,户型：商住建筑面积：57㎡,均价9500元/㎡,弘阳VOHO4.8II
2条点评,售罄 商住 学校 单身公寓 弘阳广场 南北通透
,[浦口江北]象山路19号（象山路与森林大道之间）,户型：4室/别墅建筑面积：201.52-283.74㎡,,香山湖一号,售罄 住宅 投资地产 山景
,[溧水溧水]溧水永阳镇毓秀路80号（溧水图书馆北侧...,户型：2室建筑面积：84.3㎡,,金庭国际花园,售罄 住宅
,[溧水溧水]溧水永阳镇文昌东街29号（宁杭高速溧水...,户型：3室建筑面积：93.99㎡,,君悦华庭,售罄 住宅
,[雨花台城南]雨花西路123-1号（皇典公馆北侧）,户型：3室建筑面积：89㎡,,先锋青年公寓,售罄 住宅
,[建邺河西中部]建邺庐山路188号（南京河西CBD庐山路...,建筑面积：65000㎡,均价25000元/㎡,新地中心二期,售罄 办公楼 投资地产 美食街 医院 车位充足
,[鼓楼城中]银城街和漓江路交界处（西北处）,建筑面积：9354㎡,,元隆府邸
3条点评,售罄 住宅 学校 豪宅 医院 大型超市
,[浦口其他]浦口浦口大道1号（浦口经济开发区内）,建筑面积：120000㎡,均价13800元/㎡,新城总部大厦,售罄 办公楼
,[六合江北]六合八百桥镇招贤西街108号（八百桥镇...,户型：4室建筑面积：146㎡,,聚贤新城,售罄 住宅
,[江宁江宁]江宁东山镇上元二街,建筑面积：0㎡,,嘉顺时代广场,售罄 住宅
,[溧水溧水]溧水永阳镇金蛙路80号（长安集团附近）,户型：2室建筑面积：82㎡,,南方新城,售罄 住宅
,[建邺河西中部]奥体新城,建筑面积：1㎡,,奥体新城紫薇园,售罄 住宅
,[江宁江宁]商城内金轮花园以北，胜太东路以南,建筑面积：11011㎡,,明月蓝色假日项目,售罄 住宅
",[白下城中]建康路与旧王府路交叉路口（南京水游城...,建筑面积：60346㎡,,水平方,售罄 商住 酒店式公寓 投资地产 单身公寓 综合体
,[建邺河西中部]建邺区庐山路与中央公园交汇处（家乐福...,建筑面积：280000㎡,,新地中心,售罄 住宅
,[浦口江北]汤泉镇银泉路88号（银泉路以北）,建筑面积：65000㎡,,汤泉上的院子,售罄 住宅
,[南京周边句容]句容茅山AAAA级风景区（句茅路17公里处...,,,美加东部假日,售罄 住宅
,[建邺河西中部]富春江东街以南，康苑新村以东，小青路...,,,钟鼎雅居,售罄 住宅
,[栖霞迈皋桥]迈化路376号,户型：2室/3室/4室建筑面积：80-142㎡,,保利朗诗蔚蓝
48条点评,售罄 住宅 轨交房 品牌开发商 大阳台 南北通透
,[栖霞尧化门]翠林北路与前塘路交汇处,户型：3室/4室建筑面积：89-135㎡,,华润幸福里
38条点评,售罄 住宅 即将开盘 学校 品牌开发商 大阳台
,[南京周边滁州]104国道,户型：2室/3室/4室/6室建筑面积：77-270㎡,,碧桂园城市花园
141条点评,售罄 住宅 刚需房 大阳台 大客厅 南北通透
,[江宁上坊]东山街道文靖北路以南、万安北路以东,户型：3室/4室建筑面积：88-135㎡,均价24500元/㎡,东城金茂悦
38条点评,售罄 住宅 改善房 科技住宅 学校 投资地产
,[溧水溧水]卧龙湖大道1号（宁杭高速溧水北出口）,户型：3室建筑面积：97.26㎡,,卧龙湖风情小镇
1条点评,售罄 别墅
,[江宁麒麟科技园]仙林大道与九乡河东路交汇口向南（地铁...,户型：3室/4室/5室建筑面积：79-145㎡,,中南山锦花城
31条点评,售罄 住宅 改善房 品牌开发商 人车分流 大阳台
,[江宁九龙湖]九龙湖公园东南双龙大道与兰台街交汇,户型：2室/3室/4室/商住建筑面积：45-130㎡,,保利中央公园
99条点评,售罄 住宅 轨交房 刚需房 即将开盘 大阳台
,[栖霞仙林]玄武大道与学林路的交汇处（南师大中北...,户型：2室/3室/别墅建筑面积：96-247㎡,总价900万元/套起,恒基富荟山
9条点评,售罄 别墅 学校 人车分流 大阳台 医院
,[栖霞燕子矶]燕子矶新城太新路与经五路交汇处,户型：4室建筑面积：90-125㎡,均价25800元/㎡,弘阳燕江府
22条点评,售罄 住宅 轨交房 改善房 江景 品牌开发商
,[浦口江北]高新区丹霞路和侨谊路交汇处,户型：2室/3室/4室建筑面积：69-115㎡,均价17000元/㎡,新城花漾紫郡
42条点评,售罄 住宅 刚需房 新开盘 品牌开发商 复式
,[江宁江宁]弘景大道3888号,户型：3室建筑面积：134-239㎡,均价20000元/㎡,景枫法兰谷
18条点评,售罄 别墅 改善房 商场 豪宅 大阳台
,[建邺河西南部]扬子江大道399号,户型：商住建筑面积：50-50㎡,总价160万元/套,海峡城
157条点评,售罄 商住 学校 大阳台 医院 大客厅
,[江宁江宁]双龙大道1699号,户型：2室/3室建筑面积：75-142㎡,,万科翡翠公园
115条点评,售罄 住宅 改善房 商场 学校 品牌开发商
,[雨花台板桥]凤锦路与锦华新城小区用地交汇处,户型：2室/3室/4室建筑面积：76-120㎡,,明发浦泰梦幻家
63条点评,售罄 住宅 刚需房 学校 大阳台 南北通透
,[江宁江宁]江宁开发区胜太路以北、严柳街以东,户型：3室建筑面积：92-128㎡,,金辉金陵铭著
16条点评,售罄 住宅 改善房 美食街 大阳台 车位充足
,[秦淮新街口]太平南路166号,户型：1室/2室建筑面积：65-88㎡,均价27000元/㎡,远洋国际中心
26条点评,售罄 商住 轨交房 酒店式公寓 豪宅 投资地产
,[玄武徐庄软件园]东至尧仙公路南至仙鹤茗苑西至鹤鸣路...,户型：2室/3室/4室/别墅建筑面积：116-312㎡,均价25000元/㎡,骋望云邸
48条点评,售罄 别墅 轨交房 豪宅 品牌开发商 大阳台
,[雨花台南京南站]宏运大道与明城大道交汇处,户型：3室/4室建筑面积：85-160㎡,,万科九都荟
75条点评,售罄 住宅 轨交房 大阳台 大客厅 南北通透
,[栖霞马群]栖霞紫金上林苑和沪蓉高速交汇处（西至...,户型：3室/4室建筑面积：88.16-118.21㎡,总价450万元/套,世茂招商语山
40条点评,售罄 住宅 轨交房 改善房 品牌开发商 婚房
,[六合江北]雄州南路216号（龙池湖畔，区政府南20...,户型：商住建筑面积：64-67㎡,均价12000元/㎡,瑞景国际
30条点评,售罄 商住 湖景 人车分流 大阳台 loft
,[江宁江宁]南京江宁区天元西路16号,户型：2室/3室建筑面积：84-141㎡,,景枫凤凰台
10条点评,售罄 住宅 改善房 学校 美食街 南北通透
,[雨花台雨花台]东至玉兰路，南至丁墙路，西至江苏省丝...,户型：3室/4室建筑面积：98-170㎡,均价34500元/㎡,绿地玉晖
18条点评,售罄 住宅 学校 美食街 品牌开发商 大阳台
,[浦口桥北]大桥北路37号弘阳广场对面,户型：商住建筑面积：54.33-78.01㎡,均价15500元/㎡,金都汇广场
26条点评,售罄 商住 学校 投资地产 美食街 游乐园
,[栖霞燕子矶]燕子矶新城太新路与钟燕东路交汇处,户型：3室/4室建筑面积：88-138㎡,均价24600元/㎡,招商1872公园里
16条点评,售罄 住宅 轨交房 改善房 江景 大阳台
,[雨花台板桥]新湖大道与华兴大街交叉口,户型：2室/3室建筑面积：69-110㎡,,和昌湾景
78条点评,售罄 住宅 人工湖 大阳台 医院 运动健身
,[江宁江宁]双龙大道1568号（凤凰广场南侧）,户型：1室/2室/3室建筑面积：49-240㎡,最低30000元/㎡起,水晶蓝湾
15条点评,售罄 商住 酒店式公寓 投资地产 大阳台 单身公寓
,[栖霞城北]经五路6号,户型：2室/3室建筑面积：83-144㎡,均价26500元/㎡,东方兰园
9条点评,售罄 住宅 大阳台 南北通透 全朝南 大户型
,[鼓楼龙江]江东北路与银城街交汇处,户型：商住建筑面积：35-57㎡,均价34000元/㎡,弘辉龙江里
6条点评,售罄 商住 轨交房 商场 单身公寓 广场
,[江宁城东]启迪大街188号,户型：2室/3室建筑面积：81-141㎡,均价26000元/㎡,启迪方洲
71条点评,售罄 住宅 大阳台 南北通透 综合体 双阳台
,[江宁江宁]江宁开发区东吉谷研发二路和发展路交汇...,户型：3室/4室建筑面积：78-124㎡,,银城蓝溪郡
100条点评,售罄 住宅 改善房 南北通透 菜市场 社区超市
,[江宁正方新城]吉山大道8号,户型：3室建筑面积：83-160㎡,均价19700元/㎡,景瑞春风十里
39条点评,售罄 住宅 改善房 投资地产 品牌开发商 大阳台
,[秦淮卡子门]宏光路8号,户型：商住建筑面积：40-89㎡,,赞成领尚
17条点评,售罄 商住 轨交房 酒店式公寓 学校 大阳台
,[江宁大学城]龙眠大道与格致路交汇处,户型：商住建筑面积：40-40㎡,均价22454元/㎡,南京龙湖新壹城
14条点评,售罄 商住 轨交房 酒店式公寓 学校 投资地产
,[江宁江宁]东郊阳明山庄（4A景区明文化村旁）,户型：别墅建筑面积：665-665.79㎡,,阳明山庄
16条点评,售罄 别墅 带网球场 投资地产 大阳台 大客厅
,[六合江北]东至北大街；西至学西路；北至园林西路...,户型：2室/3室建筑面积：78-120㎡,均价7900元/㎡,丰盛凤凰左岸
30条点评,售罄 住宅 大阳台 大客厅 南北通透 低单价
,[浦口江北]顶山街道七里桥北路1号,户型：3室/4室/别墅建筑面积：89-143㎡,均价27000元/㎡,金地浅山艺境
11条点评,售罄 住宅 刚需房 改善房 投资地产 品牌开发商
,[江宁淳化]淳化街梅龙湖畔龙济路9号,建筑面积：44200㎡,总价300万元/套起,梅龙湖无界
51条点评,售罄 别墅 湖景 景观小区 南北通透 洋房
,[建邺河西南部]双闸街（规划）与新梗街（规划）交汇处,户型：2室/3室建筑面积：70-140㎡,,朗诗熙华府
27条点评,售罄 住宅 改善房 学校 品牌开发商 医院
,[鼓楼城中]鼓楼江东北路与清凉门大街交界处,户型：商住建筑面积：68-195㎡,均价27000元/㎡,清江苏宁广场
11条点评,售罄 商住 酒店式公寓 豪宅 投资地产 美食街
,[江宁江宁]地秀路99号,户型：2室/3室/4室建筑面积：96-255㎡,,恒信珑湖国际
19条点评,售罄 住宅 大阳台 大客厅 南北通透 露台
,[建邺河西中部]江东中路235号，梦都大街与江东中路交...,户型：商住建筑面积：124-143㎡,均价35000元/㎡,雨润国际广场洲际行政公寓
48条点评,售罄 商住 轨交房 商场 酒店式公寓 投资地产
,[玄武城中]高楼门24—34号（东邻住宅小区，南到峨...,户型：商住建筑面积：38-59㎡,均价27000元/㎡,鼓楼1929
12条点评,售罄 商住 轨交房 学校 医院 单身公寓
,[江宁百家湖]天元路以南、牧浦街以东,户型：3室/4室建筑面积：109-141㎡,均价30250元/㎡,中锐星湖名邸
28条点评,售罄 住宅 轨交房 商场 南北通透 大型超市
,[建邺河西中部]奥体大街111号,户型：别墅建筑面积：258㎡,总价580万元/套起,郦城御园
31条点评,售罄 别墅 商场 学校 大阳台 医院
,[建邺河西中部]云锦路与所街交汇处,户型：2室/3室建筑面积：108-122㎡,均价34401元/㎡,华润新悦天地
16条点评,售罄 住宅 轨交房 商场 学校 品牌开发商
,[六合龙池]龙池街道龙口路9号（龙池大酒店旁）,户型：2室/3室建筑面积：94-130㎡,均价12000元/㎡,香缇郡
31条点评,售罄 住宅 轨交房 学校 大阳台 大客厅
,[江宁江宁]秣陵街道诚信大道990号,户型：2室建筑面积：52㎡,,优尚天地家公馆
10条点评,售罄 住宅 刚需房 商场 学校 湖景
,[六合江北]横梁兴镇路与山东路交叉口,户型：2室/3室建筑面积：74-120.7㎡,,东骏华府
25条点评,售罄 住宅 刚需房 商场 大阳台 医院
,[溧水溧水]和风西路33号（双牌石车站北向80米）,户型：2室/3室/4室建筑面积：81.33-137.23㎡,均价4500元/㎡,颐园世家
15条点评,售罄 住宅 低密度 大阳台 南北通透 低单价
,[浦口桥北]大桥北路9号,户型：2室/3室建筑面积：85-125㎡,均价26000元/㎡,印象华庭
9条点评,售罄 住宅 刚需房 学校 新开盘 医院
,[高淳高淳]育才西路91号（宁宣公路东侧）,户型：3室建筑面积：99.17-123㎡,均价5000元/㎡,景湖名都
32条点评,售罄 住宅 大阳台 南北通透 低单价 双阳台
,[溧水溧水]交通路127号（东接苏源物资公司、南至...,户型：2室/3室建筑面积：86-130㎡,均价7000元/㎡,宏泰雅苑
14条点评,售罄 住宅 刚需房 商场 大阳台 南北通透
,[溧水溧水]仪凤南路59号,户型：3室/4室/6室建筑面积：117-267㎡,,碧桂园翡翠台
14条点评,售罄 住宅
,[秦淮城中]秦淮淮海路68号（淮海路与洪武路交汇处...,户型：1室/2室建筑面积：47-140㎡,,苏宁雅悦
25条点评,售罄 住宅 商场 酒店式公寓 投资地产 大阳台
,[白下城中]双麒路与石杨路交汇处,户型：3室/4室/别墅建筑面积：105-246㎡,总价480万元/套,世茂君望墅
39条点评,售罄 别墅 大阳台 大客厅 南北通透 大平层
,[江宁江宁]江宁东山街道万安西路168号（东山总站...,户型：2室/3室建筑面积：83.55-113.49㎡,,世纪东山,售罄 住宅
,[白下城中]通济门外大街7号（东至规划道路，西至...,户型：2室/3室/4室建筑面积：107-200㎡,均价32000元/㎡,京门府
20条点评,售罄 住宅 大阳台 大客厅 大平层 飘窗
,[鼓楼城中]中山北路与虎踞路高架桥的交叉口（中海...,户型：2室/3室建筑面积：82-100㎡,,中山 骏景,售罄 住宅 非毛坯
,[江宁江宁]将军大道9号（将军北路和麻田路交会处...,户型：1室/2室/3室/4室建筑面积：41-176㎡,,翠屏托乐嘉
12条点评,售罄 住宅 改善房 商场 大阳台 南北通透
,[浦口其他]浦口区珠江镇南京审计学院西,户型：2室/3室建筑面积：75-105㎡,,金地格林格林
30条点评,售罄 住宅 刚需房 品牌开发商 大阳台 车位充足
,[江宁江宁]吉印大道2009号(东至双龙大道、西至殷...,户型：1室/2室/3室/4室建筑面积：52-158.68㎡,,中粮彩云居,售罄 住宅
,[江宁江宁]淳化街道月华路8号,户型：3室/4室建筑面积：77-126㎡,均价18500元/㎡,弘阳上院
38条点评,售罄 住宅 大阳台 南北通透 使用面积多 双阳台
,[南京周边句容]仙林东路6号（仙林大学城以东）,户型：2室/3室建筑面积：64-119㎡,均价7000元/㎡,仙林悦城
33条点评,售罄 住宅 商场 湖景 游乐园 大客厅
,[雨花台城南]长虹路东北侧，北窑岗村,户型：2室/3室建筑面积：90-130㎡,均价30000元/㎡,亚东观樾
39条点评,售罄 住宅 刚需房 改善房 大阳台 医院
,[江宁江宁]长兴大街与宁桥南路交汇处,户型：2室/3室建筑面积：96.2-143.2㎡,,碧湖天辰
16条点评,售罄 住宅 学校 大阳台 南北通透 双阳台
,[浦口江北]星火南路2号（北临大桥北路、南到星火...,户型：2室/3室/4室/商住建筑面积：48-148㎡,,旭日爱上城
17条点评,售罄 商住 学校 复式 大阳台 南北通透
,[江宁江宁]清水亭东路9号（开发区内环路以北、牛...,户型：2室/3室/4室建筑面积：78-325㎡,总价500万元/套起,万科金域蓝湾
30条点评,售罄 别墅 改善房 品牌开发商 大阳台 南北通透
,[江宁江宁]弘景大道3889号（中国传媒大学以东，金...,户型：2室/3室/4室/5室建筑面积：107.61-230㎡,均价11800元/㎡,骋望骊都
19条点评,售罄 别墅 改善房 豪宅 投资地产 大阳台
,[下关城北]东井村100号（北邻和燕路，西至黄家圩...,户型：商住建筑面积：47-63㎡,均价17500元/㎡,复地新都荟
34条点评,售罄 商住 医院 大型超市 小户型 非毛坯
,[雨花台板桥]新城新林大道（莲花湖西侧）,户型：2室/3室建筑面积：68-143㎡,均价11000元/㎡,世纪城金域华府
25条点评,售罄 住宅 养老房 湖景 大阳台 大客厅
,[江宁江宁]东山街道湖山北路95号（城东路、文靖路...,户型：1室/2室/3室建筑面积：56.92-123.32㎡,,武夷水岸家园,售罄 住宅
,[鼓楼其他]东宝路2号（凤凰西街与江东北路交叉口...,户型：2室/3室/4室/别墅建筑面积：69-261㎡,,银城聚泽园,售罄 住宅 非毛坯
,[江宁江宁]江宁文博路1号（江宁大学城地铁南京交...,户型：1室/2室/商住建筑面积：56-83㎡,,宜家国际公寓,售罄 住宅
,[栖霞城北]新尧新城后新塘西地块，北至栖霞大道，...,户型：2室/3室建筑面积：90-140㎡,,金地明悦,售罄 住宅 商场 学校 大阳台 南北通透
,[雨花台城南]雨花铁心桥宁丹路与凤翔路交汇处（铁心...,户型：1室/2室建筑面积：30-65㎡,,蓝岸live科技青年街区
11条点评,售罄 商住 南北通透 飘窗 厨卫全明 小户型
,[秦淮城中]仙鹤街2号,户型：1室建筑面积：35.33-45.23㎡,,精锐SOHO
2条点评,售罄 商住 单身公寓 银行 小户型 非毛坯
,[雨花台城南]雨花凤台南路与沪蓉高速交汇处（地铁小...,户型：3室建筑面积：103-115㎡,均价26000元/㎡,金浦翡翠谷
20条点评,售罄 住宅 改善房 学校 湖景 人车分流
,[江宁江宁]东山板块东至石羊路；西至东新北路；北...,户型：3室建筑面积：111-126㎡,,绿地紫峰公馆,售罄 住宅
,[雨花台雨花台]雨花地铁1号线安德门站与小行路交汇处,户型：2室/3室建筑面积：60-77㎡,均价23000元/㎡,德盈YOUNG
13条点评,售罄 住宅 刚需房 学校 低密度 医院
,[六合江北]育英路299号,户型：2室/3室建筑面积：62-95㎡,,百悦家花园,售罄 住宅 低总价
,[玄武城中]龙蟠路与红山路交汇处（新庄广场西侧）,户型：3室建筑面积：60-60㎡,,紫金联合立方,售罄 住宅
,[江宁江宁]江宁秣陵街道殷富街375号（诚信大道以...,户型：2室/3室建筑面积：91-127㎡,,中冶天城,售罄 住宅
,[栖霞城北]华电路与华电西路交汇处,户型：1室/2室/3室/4室建筑面积：47-139㎡,,左右阳光,售罄 住宅
,[栖霞城北]仙新路与3号东路交汇处（凤凰书业西侧...,户型：1室/2室/3室建筑面积：75.25-135㎡,,新城金郡,售罄 住宅 非毛坯
,[江宁江宁]双龙大道1222号（双龙大道与胜太路交汇...,户型：2室/3室建筑面积：97.63-131.51㎡,,江宁1号
11条点评,售罄 住宅 商场 酒店式公寓 投资地产 游乐园
,[江宁江宁]钟学北路与东麒路交汇处（东侧）,户型：2室/3室建筑面积：80-143㎡,均价14000元/㎡,中海国际社区
97条点评,售罄 住宅 学校 大阳台 医院 南北通透
,[鼓楼其他]鼓楼幕府东路57号（幕府东路与中央北路...,户型：2室/3室/4室建筑面积：90-165㎡,,德水香林
14条点评,售罄 住宅 学校 大阳台 医院 大客厅
,[江宁江宁]江宁经济技术开发区吉印大道文心街28号...,户型：2室建筑面积：91-96.04㎡,,同仁康桥水岸
13条点评,售罄 住宅 湖景 景观小区 南北通透 洋房
,[栖霞仙林]仙隐南路2号（紧临地铁二号线仙鹤门站...,户型：2室/3室/4室建筑面积：91.74-167㎡,,中豪天禄
3条点评,售罄 别墅 人车分流 低密度 大阳台 医院
,[六合江北]六合团结路8号（平顶山公园北侧）,户型：2室/3室/4室建筑面积：76-119.6㎡,,银江花园,售罄 住宅
,[江宁江宁]龙眠大道668号（龙眠大道以西、玉树路...,户型：2室/3室建筑面积：78-129㎡,均价11800元/㎡,万裕龙庭水岸
38条点评,售罄 住宅 改善房 学校 投资地产 美食街
,[浦口江北]江浦街道浦口大道37号（浦口大道与新浦...,户型：商住建筑面积：57.3-80.7㎡,均价15000元/㎡,明发新城中心
37条点评,售罄 商住 单身公寓 loft 综合体 大型社区
,[雨花台城南]小行路58号（小行地铁站1号出口向北30...,户型：2室/3室/4室建筑面积：78.81-145.9㎡,,金浦名城世家,售罄 住宅 商场 学校 大阳台 医院
,[下关城北]建宁路8号（玉桥市场后）,户型：2室建筑面积：54.08-60㎡,,玉桥国际公寓
13条点评,售罄 住宅 商场 酒店式公寓 投资地产 复式
,[浦口江北]浦口新浦路105号（西侧新浦路，北侧光...,户型：2室/3室建筑面积：79-139㎡,,江佑铂庭,售罄 住宅
,[鼓楼其他]鼓楼区汉中门大街301号（清江路与集庆...,户型：2室/3室/4室建筑面积：94.5-216㎡,,苏宁睿城
3条点评,售罄 住宅
,[浦口江北]江浦街道锦上路1号,户型：2室/3室建筑面积：84-127.3㎡,均价8000元/㎡,金盛田锦上
6条点评,售罄 商住 商场 大阳台 医院 大客厅
,[江宁江宁]胜太路与双龙大道交汇处（交通银行对面...,户型：1室/2室建筑面积：47.02-117.71㎡,,悦恒君铂大厦,售罄 住宅 刚需房 商场 酒店式公寓 投资地产
,[栖霞城北]迈皋桥华电路1号,户型：2室/3室/4室建筑面积：85-165.93㎡,,中电颐和家园,售罄 住宅 大阳台 医院 南北通透 银行
,[栖霞仙林]栖霞灵山北路与汇通路交汇处,户型：2室/3室/别墅建筑面积：88-294㎡,,朗诗保利麓院
5条点评,售罄 住宅 大阳台 医院 大客厅 南北通透
,[南京周边滁州]104国道与纬七路交汇处（仅距地铁站8公...,户型：2室/3室建筑面积：95.9-131.5㎡,,八闽名郡,售罄 住宅
,[栖霞仙林]金尧路与尧辰路交汇口,户型：1室/2室/4室建筑面积：66-139㎡,,金尧首府,售罄 住宅 商场 学校 养老房 豪宅
,[六合其他]六合横梁街道石源路15号,户型：2室/3室建筑面积：75-93㎡,均价5000元/㎡,邻山壹景
9条点评,售罄 住宅 大阳台 大客厅 南北通透 飘窗
,[建邺河西中部]所街7号（东至湖西街；西至云锦路）,户型：3室建筑面积：200-284㎡,,华润悦府
11条点评,售罄 住宅 商场 大阳台 南北通透 双阳台
,[江宁江宁]江宁开发区金智路11号（佛城西路与金智...,户型：3室建筑面积：88.77㎡,,丹佛小镇
1条点评,售罄 住宅
,[浦口江北]泰山街道,户型：2室/3室建筑面积：75-85㎡,均价18500元/㎡,弘阳爱上城
32条点评,售罄 住宅 学校 品牌开发商 南北通透 大型超市
,[六合江北]六合区雄州镇专诸巷12号,户型：4室建筑面积：138-147㎡,,紫晶城,售罄 住宅
,[江宁江宁]江宁开发区胜太东路36号，百家湖中学北...,户型：1室/2室建筑面积：38.9-80.08㎡,,胜泰华府,售罄 住宅 非毛坯
,[秦淮城中]龙蟠中路459号（龙蟠中路与水秀路交汇...,户型：2室/3室/4室建筑面积：90-174㎡,,蓝天华门国际花园,售罄 住宅 改善房 豪宅 车位充足 公园
,[六合江北]龙津南路1号（东临龙津路，西临朝天街...,户型：2室/3室建筑面积：95.42-131.39㎡,,汇锦水岸城,售罄 住宅 大阳台 医院 南北通透 菜市场
,[建邺河西中部]江东路东侧、集庆门外大街北侧（南京万...,户型：1室/2室/3室建筑面积：50-80㎡,,长发都市蓝瑟,售罄 住宅 非毛坯
,[江宁江宁]湖山路388号,户型：2室/3室建筑面积：67.59-87.34㎡,,红豆香江豪庭
10条点评,售罄 住宅 南北通透 双阳台 三房朝南 飘窗
,[栖霞仙林]仙林大道与凯旋路交叉口（地铁二号线仙...,户型：2室/3室/4室/别墅建筑面积：87-351㎡,,朗诗钟山绿郡
1条点评,售罄 住宅 科技住宅 投资地产 大阳台 医院
,[栖霞仙林]栖霞学海路28号（金鹰天地向北1000米）,户型：2室/3室/4室建筑面积：90.43-144.94㎡,,鸿雁名居,售罄 住宅
,[六合江北]十村转盘北侧,户型：2室/3室/4室建筑面积：79-152㎡,,紫晶环球,售罄 住宅 银行
,[六合江北]雄州东路与白果路交汇处,户型：2室/3室建筑面积：78-125㎡,均价8800元/㎡,御珑湾
11条点评,售罄 住宅 商场 人车分流 大阳台 医院
,[江宁江宁]将军大道2号（将军大道与秦淮新河交界...,户型：别墅建筑面积：363.18-367㎡,,运盛美之国,售罄 住宅 改善房 豪宅 低密度 大阳台
,[六合江北]新集东路（新集中学向西100米，新集客...,户型：2室/3室建筑面积：80-89㎡,均价5800元/㎡,骋望怡峰花园
27条点评,售罄 住宅 大阳台 南北通透 低单价 菜市场
,[江宁江宁]禄口街道信陵路448号,户型：2室/3室/4室建筑面积：80-121㎡,,百丽明珠花园
11条点评,售罄 住宅 刚需房 学校 豪宅 大阳台
,[六合江北]六合大厂葛中路629号（东离范旭东广场...,户型：2室/3室/4室建筑面积：87-142㎡,,尚品馨苑,售罄 住宅
,[下关城北]二板桥351-471号（热河南路下关体校西...,户型：2室/3室建筑面积：83.77-131.35㎡,,润开华府,售罄 住宅 学校 大阳台 医院 南北通透
,[六合江北]雄州南路198号（紧邻江北大道）,户型：3室/别墅建筑面积：91.81-264.68㎡,,龙池翠洲
10条点评,售罄 住宅 刚需房 改善房 商场 湖景
,[建邺河西中部]雨润大街79号（雨润大街以南，恒山路与...,户型：1室/2室/3室建筑面积：38-126㎡,,和府奥园
8条点评,售罄 住宅 酒店式公寓 投资地产 大阳台 单身公寓
,[六合江北]金牛湖街道青龙市场街240号,户型：3室建筑面积：103.85㎡,均价4900元/㎡,青龙花园
11条点评,售罄 住宅 刚需房 湖景 医院 低单价
,[浦口江北]江浦街道五华路9号,户型：2室/3室建筑面积：71-107.31㎡,均价9300元/㎡,华山山庄
21条点评,售罄 住宅 刚需房 低单价 菜市场 综合体
,[江宁江宁]江宁开发区利源中路99号（百家湖西湖畔...,户型：6室建筑面积：309.39㎡,,百家湖花园印象威尼斯,售罄 住宅
,[江宁江宁]将军大道8号玛斯兰德（东起将军路，西...,户型：别墅建筑面积：490-840㎡,,玛斯兰德
12条点评,售罄 住宅 改善房 豪宅 投资地产 低密度
,[浦口江北]浦口泰山街道—泰冯路59号（泰山新村中...,户型：2室/3室建筑面积：89-115㎡,,天华硅谷,售罄 住宅
,[栖霞城北]尧化门金尧路与3号路交汇处（翠林山庄...,户型：3室建筑面积：81-82㎡,,盈嘉香榴湾,售罄 住宅
,[下关城北]中山北路477号（中山北路和姜家园路交...,户型：3室/4室建筑面积：156-316㎡,,天正桃源
1条点评,售罄 住宅
,[栖霞城北]尧化门街179号（栖霞区实验小学北侧）,户型：1室/3室建筑面积：57-99㎡,,上城风景,售罄 住宅
,[溧水溧水]秀园路8号（秦淮路以东、花园路以南、...,户型：别墅建筑面积：180-219㎡,均价7600元/㎡,蓝湖西岸
8条点评,售罄 别墅 改善房 学校 大客厅 大型社区
,[玄武城中]后宰门佛心桥小区（北安门街和农场巷交...,户型：2室/3室/4室建筑面积：85-178㎡,,城开御园,售罄 住宅 非毛坯
,[浦口江北]浦口凤凰台路1号（东临城南河，北临凤...,户型：1室/2室/3室/4室建筑面积：39.45-157.24㎡,,天凤国际广场,售罄 住宅
,[江宁江宁]印湖路39号,户型：3室建筑面积：116㎡,,印湖山庄,售罄 住宅
,[高淳高淳]水厂路西侧（自来水厂南侧）,户型：2室/3室建筑面积：82-107.5㎡,,都市尚品
2条点评,售罄 住宅 改善房 低密度 大阳台 医院
,[白下城中]侯家桥16号（新街口金鹰东面、省中医院...,户型：1室/2室建筑面积：40-50㎡,,侯家桥16号,售罄 住宅 非毛坯
,[六合江北]园东路园东转盘西南角,户型：1室/2室/3室建筑面积：59.21-139.29㎡,,福基现代城
10条点评,售罄 住宅 商场 大阳台 南北通透 菜市场
,[江宁江宁]金石路99号,户型：2室/3室建筑面积：81.22-95.4㎡,,景枫里外城,售罄 住宅 大阳台 南北通透 双阳台 三房朝南
,[玄武城东]花园路1-88号（花园路东北侧，板仓街西...,户型：3室/4室建筑面积：112-303.94㎡,,紫玉山庄,售罄 住宅 人车分流 大阳台 loft 南北通透
,[浦口江北]浦口汤泉镇银泉路88号（银泉路以北）,户型：3室建筑面积：191㎡,,大吉山水田园
2条点评,售罄 住宅
,[江宁江宁]江宁上元大街29号（河定桥地铁东北侧）,户型：3室建筑面积：128.45㎡,,蓝岸亲水湾花园,售罄 住宅
,[江宁江宁]东山街道上元大街155号,户型：1室建筑面积：55-68㎡,,爱秦公寓,售罄 商住 飘窗 厨卫全明 小户型
,[白下城中]建康路251号（夫子庙北门东侧）,户型：1室建筑面积：43-50㎡,,京隆国际公寓,售罄 住宅 非毛坯
,[江宁科学园]江宁科学园天元东路228号（莱茵达路与...,建筑面积：37000㎡,均价15000元/㎡,莱茵量子国际写字楼,售罄 办公楼 轨交房
,[江宁江宁]江宁爱涛路18号,户型：4室建筑面积：220㎡,,爱涛丽舍,售罄 住宅
,[六合江北]六合杨新路5号,户型：2室/3室建筑面积：78.5-99.76㎡,,鑫庭雅苑,售罄 住宅
,[雨花台城南]长虹路222号（润泰市场的对面）,建筑面积：350000㎡,均价18000元/㎡,德盈国际广场写字楼,售罄 办公楼 商场 酒店式公寓 学校 菜市场
,[建邺河西中部]建邺扬子江大道399号,建筑面积：287000㎡,均价13000元/㎡,海峡云谷,售罄 办公楼 投资地产 江景 品牌开发商 医院
,[江宁江宁]江宁科学园天元东路228号（天元东路与...,户型：1室建筑面积：46㎡,,莱茵铂郡,售罄 住宅 非毛坯
,[江宁江宁]胜太路与双龙大道的交汇处,户型：1室建筑面积：47.02㎡,,悦恒君铂国际,售罄 住宅 大型超市
,[江宁江宁]禄口镇宁溧路东侧,户型：3室建筑面积：127㎡,,江山星汉城,售罄 住宅
,[溧水溧水]溧水经济开发区机场路7号（东临韩辛路...,户型：3室建筑面积：110.55㎡,,琴韵华庭,售罄 住宅
,[江宁江宁]江宁开发区静淮街137号,建筑面积：68.16㎡,,亚都天元居,售罄 住宅
,[溧水溧水]溧水永阳镇新区秦淮路159号（秦淮路东...,户型：3室建筑面积：116.18㎡,,阳光家苑,售罄 住宅
,[六合江北]六合区长江路1号,户型：1室建筑面积：50㎡,,金宁广场,售罄 住宅 非毛坯
,[江宁江宁]江宁将军大道58号（将军大道与佛城西路...,户型：4室建筑面积：244.65㎡,,山水华门,售罄 住宅
,[建邺河西中部]建邺区江东中路，西临香山路，北临永隆...,户型：1室建筑面积：50㎡,,宏普捷座,售罄 住宅
,[建邺河西中部]地铁二号线油坊桥天迈广场站,建筑面积：40773㎡,,首创天迈广场
1条点评,售罄 住宅 非毛坯
,[鼓楼城中]中央路70号（玄武湖西侧）,建筑面积：26270㎡,,万和 尊邸
3条点评,售罄 住宅 改善房 酒店式公寓 豪宅 投资地产
,[栖霞城北]栖霞尧化街道金尧路与兴后路交汇处（翠...,户型：1室/2室/3室/4室建筑面积：64.61-146.04㎡,,珑璟庭,售罄 住宅
,[六合江北]葛关路与宁六路交汇处（南京化工技工学...,建筑面积：60342㎡,,福润广场,售罄 商住 医院
,[栖霞仙林]栖霞仙隐北路7号（北临312国道，南侧为...,户型：5室建筑面积：200-200㎡,,山居十六院,售罄 住宅
,[江宁江宁]江宁诚信大道南侧（诚信大道与铺岗路交...,户型：1室建筑面积：50㎡,,UCT悠尚天地广场,售罄 住宅
,[江宁江宁]江宁东麒路与上高路交汇处,建筑面积：83700㎡,均价11000元/㎡,润景国际
7条点评,售罄 商住
,[鼓楼小市]建宁路31号,建筑面积：124068㎡,均价34000元/㎡,金盛财智广场
10条点评,售罄 店铺 轨交房 商场 投资地产 湖景
,[秦淮夫子庙]夫子庙来燕路1号,建筑面积：35805㎡,,夫子庙金街
1条点评,售罄 店铺 轨交房
,[建邺河西中部]兴隆大街与江东中路交叉口东南角（地铁...,建筑面积：334361㎡,,凤凰和熙,售罄 住宅
,[建邺河西中部]建邺雨润大街东侧,建筑面积：91046㎡,均价14000元/㎡,君泰国际大厦,售罄 办公楼
,[江宁江宁]江宁开发区苏源大道与佛城东路十字路口...,建筑面积：12200㎡,,颐和公馆,售罄 住宅
,[栖霞燕子矶]燕江路（规划）与钟燕路（规划）交界处,户型：3室/4室建筑面积：88-129㎡,最低29394元/㎡起,融创玉兰公馆
31条点评,售罄 住宅 轨交房 改善房 学校 景观小区
,[江宁禄口]来凤路18号禄口派出所对面,户型：3室/4室建筑面积：76-118㎡,,朗诗青春街区
138条点评,售罄 住宅 刚需房 学校 品牌开发商 大阳台
,[栖霞仙林]仙林湖西侧，东、南至规划道路，西至经...,户型：3室/4室建筑面积：83-142㎡,,新城香悦澜山
112条点评,售罄 住宅 轨交房 改善房 品牌开发商 大阳台
,[江宁江宁]乾清路与越秀路交汇处（距地铁S1号线翔...,户型：3室/4室建筑面积：78-109㎡,均价17000元/㎡,新城保利天地
94条点评,售罄 住宅 刚需房 品牌开发商 大阳台 南北通透
,[雨花台板桥]华新路以北，规划3号路以西,户型：3室/4室建筑面积：108-152㎡,,蓝光公园1号
50条点评,售罄 住宅 刚需房 改善房 学校 新开盘
,[雨花台南京南站]雨花台区金阳东街18号,户型：商住建筑面积：66-72㎡,均价22000元/㎡,万科 星荟
11条点评,售罄 商住 刚需房 学校 单身公寓 广场
,[鼓楼小市]黄家圩路和红山南路交汇处（南京火车站...,建筑面积：59000㎡,均价19300元/㎡,融创精彩天地
9条点评,售罄 商住 轨交房
,[浦口江浦街道]胡桥路9号（七里路与浦马路交汇处）,户型：2室/3室建筑面积：71-126㎡,,明发云庭
35条点评,售罄 住宅 大阳台 婚房 南北通透 山景
,[浦口江浦街道]白马路与狮山路交汇处,户型：3室/4室建筑面积：75-130㎡,,旭辉银城白马澜山
28条点评,售罄 住宅 轨交房 即将开盘 品牌开发商 复式
,[雨花台板桥]东至规划道路，南至古雄村集体土地，...,户型：3室建筑面积：89.9-116㎡,均价18000元/㎡,富力尚悦居
39条点评,售罄 住宅 刚需房 改善房 品牌开发商 大阳台
,[浦口江浦街道]浦口镇南河路99号,户型：3室/4室建筑面积：88-143㎡,,正荣润江城
95条点评,售罄 住宅 大阳台 大客厅 南北通透 大平层
,[雨花台安德门]软件大道西首,户型：4室/5室建筑面积：170-230㎡,均价33000元/㎡,恒大华府
85条点评,售罄 住宅 轨交房 改善房 品牌开发商 大阳台
,[江宁岔路口]宏运大道与规划道路交汇处,户型：3室/4室建筑面积：100-143㎡,,铂悦秦淮
43条点评,售罄 住宅 轨交房 刚需房 改善房 品牌开发商
,[浦口江北]沿山大道与光明路交汇处,户型：3室/4室建筑面积：85-141㎡,均价24500元/㎡,万科璞悦山
33条点评,售罄 住宅 品牌开发商 大客厅 南北通透 洋房
,[雨花台安德门]雨花凤台南路与中国人民武装警察部队江...,户型：3室/4室建筑面积：89-140㎡,,禹洲吉庆里
64条点评,售罄 住宅 改善房 品牌开发商 复式 车位充足
,[玄武红山]恒嘉路与月苑南路交汇处,户型：3室/4室建筑面积：94-143㎡,均价38500元/㎡,中海玄武公馆
25条点评,售罄 住宅 改善房 豪宅 投资地产 大客厅
,[雨花台板桥]凤集大道与龙飞路交接处向东50米,户型：2室/3室建筑面积：86-108㎡,均价17000元/㎡,凤凰美地
38条点评,售罄 住宅 大阳台 大客厅 南北通透 使用面积多
,[雨花台南京南站]雨花公园南大门，雨花政府对面,户型：4室/别墅建筑面积：115-220㎡,总价637万元/套起,长发都市诸公
31条点评,售罄 住宅 轨交房 改善房 豪宅 投资地产
,[建邺河西中部]河西大街与扬子江大道的交汇处（楠溪江...,户型：2室/3室/4室建筑面积：136-238㎡,均价30000元/㎡,苏宁滨江壹号
20条点评,售罄 住宅 豪宅 江景 大阳台 高尔夫球场
,[江宁九龙湖]东至双龙大道，南至九竹路，西依九龙湖...,户型：3室/4室建筑面积：89-123㎡,,新城玖珑湖
100条点评,售罄 住宅 轨交房 湖景 大阳台 医院
,[建邺河西中部]乐山路99号,户型：3室/4室建筑面积：100-179㎡,,铂悦金陵
49条点评,售罄 住宅 改善房 豪宅 品牌开发商 带泳池
,[江宁滨江]宁芜大道地秀路口南200米肯德基旁,户型：3室/4室建筑面积：78-118㎡,,中国铁建原香颂
83条点评,售罄 住宅 刚需房 南北通透 低单价 大型超市
,[雨花台雨花台]紫荆花路与卡子门大街路口，宜家家居斜...,户型：商住建筑面积：45-45㎡,均价19000元/㎡,紫荆国际公寓
14条点评,售罄 商住 商场 酒店式公寓 复式 医院
,[江宁麒麟科技园]仙林大道至南大仙林校区向南（沿九乡河...,户型：2室/3室/4室建筑面积：75-240㎡,均价27000元/㎡,恒大龙珺
37条点评,售罄 住宅 轨交房 改善房 品牌开发商 精装修
,[溧水溧水]溧水体育公园路与仪凤南路交汇处,户型：3室建筑面积：95-128㎡,,中南锦城
35条点评,售罄 住宅 学校 新开盘 大阳台 医院
,[南京周边句容]玉兰路,户型：别墅建筑面积：260㎡,,大山地
13条点评,售罄 别墅 大阳台 大客厅 复合地产 南北通透
,[江宁江宁]天元西路146号,户型：1室/2室/3室建筑面积：90-151㎡,均价21000元/㎡,百家湖艺术公馆
47条点评,售罄 住宅 大客厅 景区 大主卧 双卫
,[鼓楼城中]建宁路与热河路交汇处,户型：商住建筑面积：33-89㎡,,证大大拇指广场
18条点评,售罄 商住 商场 酒店式公寓 学校 医院
,[六合龙池]王桥路28号,户型：2室/3室建筑面积：75-115㎡,均价12360元/㎡,城开新都雅苑
58条点评,售罄 住宅 轨交房 即将开盘 大阳台 南北通透
,[雨花台板桥]国际关系学院用地与省电力公司南京供电...,户型：3室/4室建筑面积：85-144㎡,均价16500元/㎡,弘阳春上西江
24条点评,售罄 住宅 即将开盘 学校 人工湖 医院
,[浦口江浦街道]龙华路与浦口大道交汇处,户型：2室/3室/4室建筑面积：70-140㎡,均价23000元/㎡,金盛田阳光青城
23条点评,售罄 住宅 轨交房 大阳台 大客厅 南北通透
,[溧水溧水]天生桥大道618号（金蛙路以南，板桥路...,户型：2室/3室建筑面积：85-114㎡,均价8200元/㎡,凯阳花园
13条点评,售罄 住宅 刚需房 低密度 大客厅 南北通透
,[建邺河西中部]乐山路198号（河西大街以南，乐山路以...,户型：2室/3室/4室/5室建筑面积：90.42-380㎡,,仁恒江湾城
27条点评,售罄 住宅 学校 大阳台 医院 大客厅
,[江宁江宁]江宁禄口街道来凤路9号,户型：2室/3室建筑面积：78-94㎡,均价7580元/㎡,百利广场
20条点评,售罄 商住 人车分流 南北通透 菜市场 社区超市
,[秦淮城南]白下路166号（张府园地铁站以东）,户型：5室建筑面积：340-400㎡,均价41000元/㎡,斯亚云府
9条点评,售罄 住宅 改善房 车位充足 运动健身 菜市场
,[江宁江宁]东山街道东新南路8号,户型：2室/3室建筑面积：77-124㎡,均价23300元/㎡,金瓴湾
21条点评,售罄 住宅 商场 投资地产 美食街 大阳台
,[江宁江宁]空港开发区规划经七路以东,户型：3室/4室建筑面积：74-105㎡,,招商依云郡
37条点评,售罄 住宅 大阳台 大客厅 南北通透 双卫
,[玄武城中]薛家巷8号（金润发超市西侧）,户型：2室/3室/4室/5室建筑面积：93-237㎡,均价50000元/㎡,都市羲和
19条点评,售罄 住宅 商场 大阳台 医院 大客厅
,[溧水溧水]溧水新龙路88号,户型：2室/3室建筑面积：89-121.17㎡,均价8000元/㎡,凤麟水苑
27条点评,售罄 住宅 刚需房 改善房 投资地产 大阳台
,[江宁江宁]湖熟街道灵顺北路318号（汤铜路以南）,户型：别墅建筑面积：208-269㎡,最低6200元/㎡起,绿野仙踪
14条点评,售罄 别墅 改善房 豪宅 投资地产 低密度
,[六合大厂]大厂新华西路458号（新华路西侧，宁六...,户型：1室/2室/3室建筑面积：72.34-100.04㎡,,盘金华府
13条点评,售罄 住宅 轨交房 商场 学校 大阳台
,[溧水溧水]溧水区崇文路68号(体育公园南300米),户型：3室/4室建筑面积：89-170㎡,均价7800元/㎡,中山首府
9条点评,售罄 住宅 学校 品牌开发商 复式 大阳台
,[南京周边句容]镇江句容仙林东路1号,户型：4室/别墅建筑面积：195-214㎡,总价700万元/套,东紫园
13条点评,售罄 别墅 南北通透 菜市场 银行 公园
,[溧水溧水]溧水宝塔路98号,户型：2室/3室/4室建筑面积：86-131㎡,,华辉秦淮湾
12条点评,售罄 住宅 即将开盘 人车分流 广场 双阳台
,[高淳高淳]宝塔路与丹阳湖南路交汇处,建筑面积：147075㎡,均价5600元/㎡,苏宁雅居
7条点评,售罄 商住 学校 美食街 大阳台 医院
,[栖霞城东]环陵路99号（地铁二号线马群站北侧）,户型：1室/3室/4室/5室建筑面积：38-325㎡,,招商紫金山1号,售罄 住宅 复式 大阳台 医院 南北通透
,[江宁江宁]秣陵街道龙眠大道618号,户型：1室/2室/3室建筑面积：69-124㎡,均价13500元/㎡,协众水岸风华
19条点评,售罄 住宅 刚需房 商场 菜市场 使用面积多
,[雨花台城南]雨花宁丹路与大周路交汇处,户型：1室/2室/3室建筑面积：75-117㎡,均价20000元/㎡,莱蒙水榭阳光
57条点评,售罄 住宅 刚需房 改善房 大阳台 医院
,[玄武城中]长江路2号,户型：商住建筑面积：48-79㎡,均价38000元/㎡,凯铂精品酒店
39条点评,售罄 商住 商场 酒店式公寓 投资地产 单身公寓
,[雨花台板桥]板桥街道大方村,户型：1室/2室/3室建筑面积：89-145㎡,,金地自在城
2条点评,售罄 商住 大阳台 大客厅 南北通透 大型社区
,[江宁江宁]龙眠大道688号（地铁1号南延线南京交院...,户型：商住建筑面积：39㎡,均价13000元/㎡,天正天御溪岸
18条点评,售罄 商住 酒店式公寓 投资地产 单身公寓 loft
,[浦口江北]江浦街道团结村2号（珠泉西路和团结路...,户型：2室/3室建筑面积：90-136㎡,,中海万锦熙岸
21条点评,售罄 住宅 商场 学校 品牌开发商 大阳台
,[栖霞仙林]仙林湖以北2号（东至湖北东路；西至守...,户型：3室建筑面积：90-129㎡,,万科金色领域,售罄 住宅 非毛坯
,[玄武城北]红山路与黄曹路交汇处（红山动物园东侧...,户型：别墅建筑面积：220-300㎡,总价600万元/套起,凤凰山庄
13条点评,售罄 别墅 商场 养老房 投资地产 大阳台
,[江宁江宁]江宁诚信大道899号（诚信大道与前庄路...,户型：1室/2室建筑面积：30-70㎡,,合家春天
1条点评,售罄 住宅
,[玄武城东]徐庄软件园南端（数码路与东来路交汇处...,户型：2室/3室/4室/别墅建筑面积：92.65-295.22㎡,,紫金东郡
18条点评,售罄 住宅 豪宅 复式 低密度 大阳台
,[雨花台板桥]新亭大街66号（板桥新城奥南体育公园对...,户型：1室/2室/3室/5室建筑面积：44-194㎡,,朗诗绿色街区,售罄 住宅 非毛坯
,[浦口江北]学府路与星火路交汇处（南京大学浦口校...,户型：2室/3室/4室建筑面积：74-95㎡,,新城香溢紫郡
38条点评,售罄 住宅 刚需房 大阳台 大型社区 飘窗
,[雨花台城南]凤翔路（小行地铁站以南约800米）,户型：2室/3室/4室建筑面积：84-145㎡,均价20000元/㎡,琥珀森林
63条点评,售罄 住宅 大阳台 南北通透 使用面积多 双阳台
,[栖霞仙林]仙林大学城文澜路以北(东至仙境路、西...,户型：3室/4室/别墅建筑面积：98-338㎡,均价19500元/㎡,高科荣域
6条点评,售罄 住宅 商场 游乐园 大阳台 医院
,[建邺河西中部]建邺双闸街与新梗街的交汇处,户型：2室/3室/4室建筑面积：78-138㎡,均价33946元/㎡,招商雍和府
17条点评,售罄 住宅 学校 品牌开发商 大阳台 医院
,[江宁麒麟科技园]麒麟科技创新园,户型：2室建筑面积：91-104㎡,,富力城,售罄 住宅 商场 学校 低密度 医院
,[下关城北]建宁路61号（建宁路与钟阜路交汇处）,户型：商住建筑面积：36㎡,,中央金地
1条点评,售罄 商住 学校 医院 菜市场 大型超市
,[江宁江宁]悦民路133号,户型：2室/3室/4室建筑面积：85-127㎡,,银河湾紫苑,售罄 住宅 投资地产 人车分流 大阳台 大客厅
,[江宁江宁]金箔路1号（金箔艺术馆对面）,户型：1室/2室/3室建筑面积：39-141㎡,,金陵天成,售罄 住宅 酒店式公寓 大阳台 医院 单身公寓[江宁江宁]江宁区万安西路与泉东路交汇处,户型：2室/3室/4室建筑面积：82-126㎡,均价19000元/㎡,远洋绿地雲峰公馆
47条点评,售罄 住宅 大阳台 南北通透 使用面积多 三房朝南
,[浦口江北]永新路以南、星火北路以东,户型：2室/3室/4室建筑面积：68-105㎡,,朗诗未来街区
荐 97条点评,售罄 住宅 科技住宅 刚需房 人车分流 大阳台
,[建邺河西中部]集庆门大街以北，湖西路以西（南湖二中...,户型：2室/3室/别墅建筑面积：86-330㎡,,中北英郡
6条点评,售罄 住宅 商场 低密度 大阳台 大客厅
,[浦口江北]浦口江浦街道象山路11号（珠江镇象山路...,户型：2室/3室/4室建筑面积：90-195㎡,,钱塘望景花园,售罄 住宅
,[浦口江北]大桥北路69号（红太阳销售中心，大桥北...,户型：2室/3室建筑面积：88-138㎡,均价13000元/㎡,旭日上城
42条点评,售罄 住宅 刚需房 投资地产 婚房 厨卫全明
,[雨花台城南]安德门地铁南侧小行路52号,户型：3室/4室/5室/别墅建筑面积：107-360㎡,总价1100万元/套,柏悦澜庭
18条点评,售罄 别墅 改善房 商场 豪宅 投资地产
,[江宁江宁]利源中路88号（百家湖畔西侧）,建筑面积：216884㎡,,高尔夫国际花园
11条点评,售罄 住宅 商场 湖景 人车分流
,[江宁江宁]江宁湖熟街道（宁杭高速湖熟出口与汤铜...,户型：3室/别墅建筑面积：130-220.48㎡,,国府大院
12条点评,售罄 住宅 酒店式公寓 投资地产 单身公寓 南北通透
,[鼓楼城中]中山北路和热河南路交叉口,户型：商住建筑面积：50-70㎡,,边城V时代广场
2条点评,售罄 商住 学校 投资地产 菜市场 银行
,[江宁江宁]南临秦淮路，东靠江宁国税局，西侧为江...,户型：2室/3室建筑面积：74.76-101㎡,,同曦青春水岸,售罄 住宅 学校 湖景 单身公寓 大型超市
,[江宁江宁]万安西路65号，上元大街南侧、城东路西...,户型：1室/2室/3室建筑面积：48-131.41㎡,,上善居,售罄 住宅
,[浦口桥北]滨江大道1号,户型：3室/4室建筑面积：115-150㎡,,明发滨江新城
9条点评,售罄 住宅 学校 江景 大阳台 医院
,[建邺河西中部]江东中路156号（月安街与江东中路交界...,户型：3室/4室建筑面积：102-142㎡,,栖庭,售罄 住宅 非毛坯
,[浦口江北]江浦街道沿山大道以南（近浦口党校）,户型：3室/4室建筑面积：88-150㎡,,万科金色半山
7条点评,售罄 住宅 刚需房 投资地产 品牌开发商 低密度
,[栖霞仙林]栖霞灵山北路与风华路交汇处,户型：3室/4室/别墅建筑面积：127-370㎡,,绿城东方玉园
7条点评,售罄 住宅 改善房 豪宅 大阳台 大客厅
,[溧水溧水]分龙岗东路9号,户型：2室/3室/4室/6室建筑面积：75-189㎡,均价7900元/㎡,爱涛天逸园
24条点评,售罄 住宅 低密度 大阳台 大客厅 南北通透
,[浦口江北]迎江路59号,户型：2室/3室建筑面积：80-126㎡,,海德北岸城
7条点评,售罄 住宅 商场 游乐园 大阳台 南北通透
,[玄武城中]玄武中山东路139号,户型：2室建筑面积：89-120㎡,均价40000元/㎡,壹零壹座
9条点评,售罄 住宅 学校 投资地产 医院 大客厅
,[建邺河西中部]金沙江东街与庐山路交界东南角（东至黄...,户型：4室建筑面积：160-200㎡,,保利香槟国际
4条点评,售罄 住宅
,[建邺河西中部]建邺区恒山路199号（和府奥园南侧）,户型：1室/2室/3室建筑面积：68-128㎡,,中北品尚,售罄 住宅
,[江宁江宁]双龙大道1539号（小龙湾地铁口路南）,户型：2室/商住建筑面积：63.8-103.99㎡,,21世纪国际公寓,售罄 住宅
,[玄武城中]灵谷寺路与宁杭公路交接处,户型：别墅建筑面积：320-400㎡,,中冶钟鼎山庄
18条点评,售罄 住宅 酒店式公寓 投资地产 低密度 大阳台
,[六合江北]龙池街道华欧大道88号,户型：2室/3室建筑面积：85.29-113.89㎡,均价9000元/㎡,科海龙湖御景
19条点评,售罄 住宅 大阳台 低单价 综合体 双阳台
,[建邺河西中部]江心洲葡园路,户型：3室/4室建筑面积：90-200㎡,,银城长岛观澜
11条点评,售罄 别墅 大阳台 南北通透 双阳台 三房朝南
,[江宁江宁]天元西路16号（地铁百家湖站出口）,户型：1室/2室/3室/4室/6室建筑面积：70.51-314.45㎡,,怡湖华庭澜郡,售罄 住宅 复式 大阳台 大客厅 婚房
,[江宁江宁]江宁方山下大学城内，弘景大道南广学院...,户型：3室/4室建筑面积：73-115㎡,均价14500元/㎡,招商方山里
35条点评,售罄 住宅 改善房 品牌开发商 南北通透 社区超市
,[栖霞仙林]仙林湖公园西北角（经天路地铁站以北）,户型：2室/4室建筑面积：85-132㎡,,保利罗兰春天,售罄 住宅 大客厅 南北通透 大平层 高端会所
,[鼓楼其他]鼓楼区四平路与建宁路交汇处,户型：商住建筑面积：45-95㎡,均价21000元/㎡,紫金江景苑
18条点评,售罄 商住 酒店式公寓 江景 品牌开发商 大客厅
,[建邺河西中部]奥体梦都大街188号,户型：2室/3室建筑面积：60-226㎡,,御江金城,售罄 住宅 江景 复式 大阳台 loft
,[栖霞城北]栖霞大道与和燕路交汇处,户型：2室/3室建筑面积：46-113㎡,均价15000元/㎡,晓庄国际广场
6条点评,售罄 商住 商场 酒店式公寓 江景 复式,[江宁正方新城]江苏软件园科技大道以西、研发二路以南,建筑面积：125033㎡,,荣盛隽峰项目
17条点评,待售 住宅 游乐园 品牌开发商 人工湖 医院
,[江宁大学城]高新园学十二路以南、务实路以东,建筑面积：142900㎡,,五矿澜悦方山居项目
1条点评,待售 住宅 改善房 山景 学校 投资地产
,[江宁禄口]金德路65号,建筑面积：15㎡,,中骏·六号街区商铺项目
17条点评,待售 店铺 学校 投资地产 品牌开发商 银行
,[江宁禄口]永欣大道与禄口大街交叉口,建筑面积：31143㎡,,红豆香江华庭项目,待售 住宅 刚需房 投资地产 品牌开发商 低单价
,[建邺河西中部]燕山路98号,建筑面积：50044㎡,,东原地产地块,待售 住宅 轨交房
,[溧水溧水]溧水机场路以北、123省道两侧附近,,,溧水花样年地块,待售 商住
,[浦口江浦街道]东至海院西路，南至现状，西至象山东路...,,,北京城建江浦G48地块,待售 住宅 轨交房
,[溧水溧水]永阳街道幸庄路以南、薛李东路以西,,,厦门建发溧水G19地块,待售 住宅
,[江宁上坊]东山街道万安西路与上高路交汇处西南角,户型：3室/4室建筑面积：89-119㎡,,融侨悦城
32条点评,售罄 住宅 新开盘 车位充足 大客厅 南北通透
,[江宁滨江]滨江经济开发区景明大街东侧，润寿北路...,户型：3室/4室/5室建筑面积：88-180㎡,,弘阳禹洲时光印象
12条点评,售罄 住宅 刚需房 即将开盘 品牌开发商 大阳台
,[雨花台铁心桥]西善桥街道兴梅路与泰山北路交汇处,户型：2室/3室/4室建筑面积：80-175.96㎡,总价394万元/套,禹洲映月溪山
26条点评,售罄 住宅 改善房 即将开盘 品牌开发商 复式
,[雨花台安德门]软件大道109号（安德门大街与软件大道...,户型：商住建筑面积：32.6-65.2㎡,均价23000元/㎡,雨花客厅
40条点评,售罄 商住 轨交房 投资地产 单身公寓 银行
,[建邺河西中部]建邺怡康街与西城路交汇处,建筑面积：95416㎡,最低19000元/㎡起,涟城
29条点评,售罄 商住 改善房 投资地产 车位充足 综合体
,[溧水溧水]永阳镇永湖路188号（宁杭高速与宁常高...,户型：2室/3室/4室建筑面积：85.99-162㎡,均价7900元/㎡,恒大金碧天下
78条点评,售罄 住宅 大型社区 湖景 全朝南 品牌开发商
,[溧水溧水]天生桥大道,户型：3室/4室建筑面积：89-143㎡,,万科城
42条点评,售罄 住宅 大阳台 大客厅 南北通透 三房朝南
,[雨花台南京南站]双龙大道与规划道路交汇处,户型：3室建筑面积：140-180㎡,,万科大都会
12条点评,售罄 住宅 轨交房 商场 新开盘 品牌开发商
,[玄武徐庄软件园]文枢西路与燕西路交汇处（亚东城二期西...,户型：3室/4室建筑面积：89-135㎡,,奥克斯钟山府
64条点评,售罄 住宅 轨交房 改善房 豪宅 复式
,[浦口江浦街道]雨山西路和广电南路交汇处,户型：3室/4室建筑面积：88-120㎡,,融创臻园
27条点评,售罄 住宅 轨交房 刚需房 美食街 品牌开发商
,[建邺河西中部]兴隆大街与泰山路交汇处,户型：3室/4室建筑面积：90-170㎡,,金隅紫京府
95条点评,售罄 住宅 投资地产 品牌开发商 大阳台 大客厅
,[六合江北]六合雄州西路和龙津南路交汇处,户型：3室建筑面积：95-132㎡,,紫晶未来城
24条点评,售罄 住宅 刚需房 商场 南北通透 全朝南
,[六合雄州]雄州东路与白果南路的交汇处,户型：3室/4室建筑面积：102-139㎡,,荣盛华府
41条点评,售罄 住宅 轨交房 刚需房 品牌开发商 人工湖
,[浦口江北]江浦街道沿山大道88号,户型：2室/3室/4室建筑面积：95-123㎡,均价24000元/㎡,华府国际
25条点评,售罄 住宅 复式 低密度 大客厅 南北通透
,[江宁江宁]文靖路599号,户型：2室/3室/4室建筑面积：85-117㎡,最低25000元/㎡起,爱涛尚书云邸
82条点评,售罄 住宅 改善房 南北通透 使用面积多 小户型
,[江宁江宁]秣陵街道静淮街128号,户型：5室/别墅建筑面积：170-320㎡,总价600万元/套,中航樾府
36条点评,售罄 别墅 大阳台 大客厅 南北通透 大型超市
,[江宁江宁]滨江开发区经三路以东、纬六路以南,户型：3室/4室建筑面积：90-115㎡,均价12000元/㎡,禹洲弘阳滨湖里
39条点评,售罄 住宅 刚需房 品牌开发商 大阳台 南北通透
,[栖霞仙林]仙林湖西北侧,户型：3室/4室建筑面积：88-141㎡,,金地湖城艺境
20条点评,售罄 住宅 商场 学校 湖景 大阳台
,[六合龙池]林场路1号,户型：3室建筑面积：85.73-101.86㎡,均价12468元/㎡,荣盛花语城
278条点评,售罄 住宅 商场 湖景 品牌开发商 大阳台
,[江宁科学园]泉东路58号,户型：3室/4室建筑面积：89-115㎡,,中航樾公馆
65条点评,售罄 住宅 刚需房 品牌开发商 南北通透 三房朝南
,[江宁上坊]东至东麒路，西至丰泽路，北至杨庄东路...,户型：2室/3室/4室建筑面积：74-117㎡,,中粮鸿云
98条点评,售罄 住宅 投资地产 复式 大阳台 大客厅
,[浦口江浦街道]城南河路与横江大道交汇处（南京青奥体...,户型：3室/4室建筑面积：88-125㎡,均价29946元/㎡,保利西江月
78条点评,售罄 住宅 刚需房 改善房 品牌开发商 大阳台
,[南京周边句容]仙林东路20号,户型：2室/3室/5室建筑面积：72-136㎡,均价14500元/㎡,仙林印象
18条点评,在售 住宅 刚需房 学校 投资地产 南北通透
,[江宁横溪]龙铜公路,户型：别墅建筑面积：287-500㎡,总价1040万元/套起,牧龙原墅
18条点评,在售 别墅 人车分流 人工湖 低密度 景观小区
,[秦淮瑞金路]中山东路518号金城集团老厂区（龙蟠中...,户型：3室/4室建筑面积：141-188㎡,,中航金城1号
53条点评,待售 住宅 轨交房 学校 低密度 大阳台
,[江宁科学园]竹山南路688号（竹山路与诚信大道交汇...,户型：2室/3室/别墅建筑面积：90-326.19㎡,均价25000元/㎡,罗托鲁拉小镇
25条点评,在售 住宅 改善房 人车分流 低密度 大阳台
,[南京周边句容]仙林大道2号,户型：3室建筑面积：88-105㎡,均价14000元/㎡,和昌仙林国际
17条点评,在售 住宅 刚需房 即将开盘 商场 游乐园
,[江宁滨江]润寿北路1115号（锦文路以北、经二路以...,户型：商住建筑面积：33-47㎡,,朗诗未来家
131条点评,待售 商住 投资地产 单身公寓 低单价 低总价
,[溧水溧水]溧水洪蓝镇天生桥路218号(沪宁高高速出...,户型：2室/别墅建筑面积：62-200㎡,,凤凰小镇
51条点评,待售 住宅 学校 大阳台 高尔夫球场 大客厅
,[栖霞晓庄]和燕路390号,户型：2室/3室/4室建筑面积：68-138㎡,,金浦御龙湾
44条点评,待售 住宅 轨交房 改善房 医院 大客厅
,[浦口江浦街道]象山路18号,户型：别墅建筑面积：423-724㎡,均价38000元/㎡,通宇林景象山墅院
12条点评,在售 别墅 轨交房 养老房 品牌开发商 医院
,[鼓楼龙江]郑和南路8号,户型：1室/3室建筑面积：68-136㎡,均价37499元/㎡,恒盛金陵湾
57条点评,在售 住宅 轨交房 学校 大阳台 大客厅
,[溧水溧水]溧水经济开发区乌夏路88号,户型：别墅建筑面积：141-270㎡,均价13800元/㎡,藏珑谷山庄
9条点评,在售 别墅 养老房 投资地产 大阳台 景观小区
,[雨花台铁心桥]西善桥街道梅兴路与龙淮路交汇处,户型：2室/3室建筑面积：79-132㎡,,善水湾
53条点评,待售 住宅 学校 大阳台 医院 大客厅
,[南京周边滁州]汊河新城,户型：2室/3室/4室建筑面积：79-142㎡,,雅居乐林语城
22条点评,待售 住宅 刚需房 南北通透 低单价 社区超市
,[江宁大学城]弘景大道3888号(西靠方山，东临弘景大...,户型：别墅建筑面积：269-272㎡,,景枫你山
29条点评,待售 别墅 投资地产 低密度 大阳台 南北通透
,[六合龙池]龙池街道莉湖西路31号,,最低10000元/㎡起,东骏悦府
36条点评,在售 商住 刚需房 学校 医院 婚房
,[建邺河西中部]应天大街与乐山路交汇处,户型：4室/5室建筑面积：140-235㎡,,保利天悦
16条点评,待售 住宅 轨交房 改善房 商场 品牌开发商
,[江宁大学城]高新园区鹏山路以南知行路两侧,户型：2室/3室/4室建筑面积：77-140㎡,,中粮祥云
47条点评,待售 住宅 轨交房 刚需房 改善房 商场
,[南京周边句容]宝华镇仙林东路10号,建筑面积：44.86-151.2㎡,最低20000元/㎡起,招商国际E城
39条点评,在售 商业街 商场 投资地产 品牌开发商 车位充足
,[栖霞仙林]地铁二号线羊山公园站北（仙林金鹰奥莱...,户型：3室/4室建筑面积：126-165㎡,,星叶羊山湖花园
11条点评,待售 住宅 轨交房 低密度 大客厅 婚房
,[秦淮新街口]长江路与洪武北路交界处（长江文化艺术...,户型：商住建筑面积：56-141㎡,,长江会
12条点评,待售 商住 轨交房 商场 酒店式公寓 豪宅
,[浦口高新区]永新路与蓝海路交汇处,户型：3室/4室建筑面积：85-120㎡,,亚泰山语湖
41条点评,待售 住宅 轨交房 品牌开发商 大阳台 低密度
,[浦口桥北]沿江街道浦洲路与南浦路交叉处,户型：3室/4室建筑面积：89-113㎡,均价21908元/㎡,大华锦绣时代
13条点评,在售 住宅 即将开盘 商场 改善房 投资地产
,[六合葛塘]葛塘新城中山科技园内(润富路666号),户型：2室/3室建筑面积：75-126㎡,,亚泰梧桐世家
57条点评,在售 住宅 大阳台 南北通透 低单价 大型社区
,[南京周边其他]镇江市润州区九华山路与北府路交汇处,户型：3室/4室建筑面积：104-153㎡,均价19380元/㎡,中海润江府
10条点评,在售 住宅 投资地产 改善房 山景 学校
,[浦口江浦街道]沿山大道与财八路交叉口,户型：3室/4室建筑面积：89-138㎡,均价25000元/㎡,明发香山郡
51条点评,在售 住宅 改善房 大阳台 低密度 一梯三户
,[江宁岔路口]宏运大道1818号,户型：商住建筑面积：62-83㎡,,武夷凌云公馆
11条点评,待售 住宅 商场 轨交房 大型超市 银行
,[溧水溧水]机场路与双塘路交汇处,户型：3室建筑面积：89-127㎡,均价12200元/㎡,秦淮源筑
23条点评,在售 住宅 改善房 品牌开发商 复式 精装修
,[浦口江浦街道]浦口大道6号（临近东方万汇城）,户型：商住建筑面积：40.49-83.09㎡,均价16500元/㎡,明发财富中心
39条点评,在售 商住 轨交房 酒店式公寓 投资地产 江景
,[建邺河西中部]巴山路33号,户型：2室/3室建筑面积：100-200㎡,,华新城璟园
15条点评,待售 住宅 轨交房 改善房 商场 豪宅
,[浦口江浦街道]海桥路与杨柳路交汇处西侧,户型：3室/4室建筑面积：78-124㎡,,江山薈
22条点评,待售 住宅 即将开盘 学校 品牌开发商 大阳台,[南京周边其他]金坛茅山旅游度假区内,户型：别墅建筑面积：77-128㎡,最低14000元/㎡起,雅居乐山湖城
荐 11条点评,在售 别墅 景区 改善房 旅游地产 品牌开发商
,[鼓楼鼓楼滨江]燕江路201号（地铁3号线上元门站）,户型：2室/3室/4室建筑面积：79-139㎡,均价33500元/㎡,江山汇悦山府
荐 14条点评,在售 住宅 轨交房 改善房 江景 景观小区
,[栖霞燕子矶]迈尧路611号,户型：3室/4室建筑面积：78-136㎡,均价22380元/㎡,电建地产·洺悦府
荐 31条点评,在售 住宅 新开盘 改善房 双阳台 品牌开发商
,[江宁淳化]梨树园路9号,户型：2室/3室建筑面积：88-128㎡,均价23000元/㎡,万科和昌金域东方
荐 21条点评,在售 住宅 刚需房 低总价 主卧套房 品牌开发商
,[鼓楼鼓楼滨江]南通路99号（郑和东路以东，南通路以南...,户型：2室/3室/4室建筑面积：110-217㎡,,世茂外滩新城
荐 125条点评,待售 住宅 改善房 学校 豪宅 江景
,[溧水溧水]金山东路9号,户型：2室/3室/别墅建筑面积：86.02-370㎡,,东屏湖9号
荐 12条点评,待售 别墅 改善房 人工湖 大阳台 景观小区
,[南京周边滁州]前进路99号,户型：3室/4室/6室/别墅建筑面积：93-220㎡,均价6500元/㎡,碧桂园奥能罗马世纪城
荐 21条点评,在售 住宅 大型社区 洋房 湖景 品牌开发商
,[六合雄州]中心城古棠大道与文尚路交汇处（S8号线...,建筑面积：317799㎡,,龙湖棠城
荐 14条点评,待售 住宅 轨交房 刚需房 商场 品牌开发商
,[南京周边滁州]104国道近020乡道,户型：1室/2室/3室/4室/别墅建筑面积：70-148㎡,均价6500元/㎡,新江北孔雀城
荐 80条点评,在售 住宅 刚需房 即将开盘 养老房 投资地产
,[溧水溧水]秦淮大道,户型：3室/4室建筑面积：85-126㎡,,亚东同城逸境九筑
荐 34条点评,待售 住宅 大阳台 大客厅 南北通透 双阳台
,[六合马鞍街道]弘湖路1号,户型：别墅建筑面积：175-535㎡,均价14416元/㎡,郦湖美墅
荐 31条点评,在售 别墅 改善房 即将开盘 养老房 品牌开发商
,[秦淮卡子门]汇景北路与双龙大道交汇处,户型：商住建筑面积：45-45㎡,总价110万元/套起,保利堂悦
荐 91条点评,在售 商住 轨交房 投资地产 改善房 品牌开发商
,[南京周边句容]仙林东路与和平路交汇处向南200米,建筑面积：291000㎡,,泰禾金尊府
荐 11条点评,待售 住宅 投资地产 改善房 山景 学校
,[栖霞迈皋桥]兴贤路19号,户型：2室/3室建筑面积：86-141㎡,均价28507元/㎡,嘉华嘉誉山
30条点评,在售 住宅 改善房 投资地产 品牌开发商 车位充足
,[栖霞燕子矶]燕尧路12号,户型：2室/3室/4室/商住建筑面积：36-120㎡,均价25800元/㎡,电建地产海赋尚城
87条点评,在售 住宅 改善房 轨交房 品牌开发商 飘窗
,[江宁九龙湖]双龙大道与吉印大道交汇处,户型：商住建筑面积：34-56㎡,均价20000元/㎡,融信城市之窗
19条点评,在售 商住 即将开盘 酒店式公寓 商场 轨交房
,[浦口江浦街道]白马路88号,户型：2室/3室/4室建筑面积：76-151㎡,均价25500元/㎡,融侨观邸
38条点评,在售 住宅 刚需房 改善房 商场 投资地产
,[高淳高淳]宝塔路,户型：2室/3室/4室/5室建筑面积：90-168㎡,均价8089元/㎡,高淳雅居乐花园
33条点评,在售 住宅 品牌开发商 大阳台 车位充足 南北通透
,[雨花台南京南站]安德门大街与宁双路交汇处,户型：3室/4室建筑面积：89-143㎡,,世茂城品
47条点评,在售 住宅 轨交房 改善房 学校 新开盘
,[浦口桥北]浦洲路66号,户型：2室/3室建筑面积：83-135㎡,均价20599元/㎡,苏宁北外滩水城
216条点评,在售 住宅 轨交房 刚需房 江景 品牌开发商
,[江宁正方新城]秣周西路33号,户型：3室/5室建筑面积：89-143㎡,均价18500元/㎡,远洋山水
荐 86条点评,在售 住宅 刚需房 即将开盘 品牌开发商 景观小区
,[浦口桥林新城]杨柳路,户型：2室/3室建筑面积：72-105㎡,均价19599元/㎡,力标赞城
81条点评,在售 住宅 刚需房 学校 大阳台 车位充足
,[南京周边句容]宝四路9号,户型：3室/4室/5室建筑面积：115-275㎡,均价16800元/㎡,碧桂园翡翠华府
104条点评,在售 住宅 刚需房 大客厅 南北通透 大户型
,[江宁淳化]梅龙湖畔东月桥路与雁冲路交汇处,户型：3室/4室建筑面积：83-108㎡,均价23700元/㎡,弘阳禹洲时光春晓
18条点评,在售 住宅 刚需房 品牌开发商 大阳台 大客厅
,[南京周边滁州]104国道近长江路,户型：3室/4室建筑面积：85-138㎡,均价10300元/㎡,明发北站新城
19条点评,在售 住宅 刚需房 低单价 低总价 学校
,[栖霞仙林]栖霞仙林大道与守敬路交汇处,户型：2室/3室/商住建筑面积：28-95㎡,最低13800元/㎡起,万达茂
84条点评,在售 商住 即将开盘 轨交房 大型社区 低总价
,[浦口桥北]江山路6号,户型：2室/3室/4室/5室建筑面积：78-143㎡,均价27803元/㎡,金象朗诗红树林
45条点评,在售 住宅 科技住宅 改善房 学校 江景
,[南京周边句容]仙林东路3号,户型：3室建筑面积：88-100㎡,均价14600元/㎡,仙林首望城
16条点评,在售 住宅 低总价 刚需房 山景 投资地产
,[南京周边其他]宁乌公路与盘乌线交汇口,户型：3室/别墅建筑面积：76-161㎡,均价7800元/㎡,长江熙岸孔雀城
33条点评,在售 住宅 即将开盘 低总价 低单价 景观小区
,[浦口桥北]东大路，东南大学成贤学院南门斜对面,户型：3室/4室建筑面积：90-141㎡,均价25580元/㎡,御澜府
20条点评,在售 住宅 景观小区 轨交房 学校 大主卧,[秦淮卡子门]汇景北路与双龙大道交汇处,户型：3室/4室/商住建筑面积：28-140㎡,最低28000元/㎡起,复地宴南都
79条点评,在售 商住 轨交房 改善房 酒店式公寓 学校
,[浦口高新区]星火路与汇贤路交汇处（地铁3号线星火...,户型：商住建筑面积：30-40㎡,均价17000元/㎡,星悦城
19条点评,在售 商住 轨交房 学校 新开盘 投资地产
,[南京周边滁州]洪武路,户型：2室/3室/4室/别墅建筑面积：75-209㎡,均价6400元/㎡,富力乌衣水镇
11条点评,在售 住宅 改善房 投资地产 大阳台 大客厅
,[溧水溧水]溧水团山西路26号,户型：3室/4室建筑面积：94-127㎡,,创维乐活城
74条点评,待售 住宅 刚需房 新开盘 大阳台 南北通透
,[栖霞栖霞山]工农路和疏港大道交汇处,户型：3室/4室建筑面积：89-130㎡,均价25500元/㎡,华侨城翡翠天域
19条点评,在售 住宅 改善房 即将开盘 山景 品牌开发商
,[高淳高淳]双高路,户型：3室建筑面积：88-131㎡,均价9000元/㎡,花样年花样城
31条点评,在售 住宅 商场 学校 大阳台 医院
,[浦口江浦街道]珍珠泉西路,户型：3室/4室/5室建筑面积：103-152㎡,均价25596元/㎡,三金鑫宁府
10条点评,在售 住宅 轨交房 刚需房 改善房 学校
,[溧水溧水]卧龙湖大道1号,户型：2室/3室/4室/别墅建筑面积：101-292.04㎡,均价14900元/㎡,卧龙湖小镇
26条点评,在售 别墅 豪宅 大阳台 大客厅 南北通透
,[鼓楼小市]小市新村路,户型：3室/4室建筑面积：105-155㎡,均价35900元/㎡,电建中储泛悦城市广场
147条点评,在售 住宅 轨交房 品牌开发商 南北通透 综合体
,[浦口桥北]大桥北路与柳州路交汇处,户型：商住建筑面积：25-50㎡,均价15000元/㎡,弘阳时代中心
19条点评,在售 商住 商场 酒店式公寓 新开盘 投资地产
,[南京周边滁州]滁宁大道2888号,户型：2室/3室/4室/5室/别墅建筑面积：79-360㎡,均价8000元/㎡,碧桂园欧洲城
158条点评,在售 住宅 大型社区 刚需房 大主卧 豪宅
,[栖霞马群]土城头路以南，东至天和路，南至沧麒西...,户型：商住建筑面积：35-48㎡,均价22000元/㎡,中南乐尚MALL
45条点评,在售 商住 改善房 商场 loft 大客厅
,[溧水溧水]红光东路8号,户型：2室/3室建筑面积：74-123㎡,均价10640元/㎡,橡树城
50条点评,在售 住宅 刚需房 商场 大阳台 大客厅
,[浦口江浦街道]天浦路96号,户型：3室/4室/5室/6室建筑面积：108-680㎡,均价27800元/㎡,雅居乐滨江国际
70条点评,在售 住宅 轨交房 改善房 商场 豪宅
,[江宁禄口]正方中路,户型：商住建筑面积：25-38㎡,均价18000元/㎡,绿地理想城
20条点评,在售 商住 轨交房 商场 酒店式公寓 景观小区
,[浦口江浦街道]象山路29号（黄山岭路和沿山大道交汇处...,户型：别墅建筑面积：439-668㎡,总价1000万元/套起,金基九月森林
24条点评,在售 别墅 湖景 大阳台 大客厅 南北通透
,[鼓楼建宁路]建宁路与金贸大街交汇处,建筑面积：75-75㎡,均价30000元/㎡,龙湖·紫都城
11条点评,在售 办公楼 轨交房 商场 投资地产 湖景
,[雨花台南京南站]金阳东街18号,建筑面积：42-55㎡,均价26000元/㎡,万科星荟
1条点评,在售 酒店式公寓 轨交房 新开盘 投资地产 品牌开发商
,[浦口高新区]新沿路,户型：商住建筑面积：38-57㎡,均价18500元/㎡,弘阳燕澜七缙
14条点评,在售 商住 轨交房 刚需房 学校 品牌开发商
,[浦口顶山街道]浦镇大街,户型：3室/4室建筑面积：89-129㎡,,华润国际社区
108条点评,待售 住宅 刚需房 改善房 大阳台 大客厅
,[栖霞仙林]仙林大道和经天路交汇,户型：商住/别墅建筑面积：37-298㎡,均价29878元/㎡,新城璞樾和山
18条点评,在售 别墅 改善房 轨交房 新开盘 豪宅
,[雨花台南京南站]丁墙路明发商业广场东侧,户型：商住建筑面积：32-70㎡,均价25000元/㎡,云树公馆
17条点评,在售 商住 轨交房 即将开盘 投资地产 美食街
,[鼓楼小市]和燕路49号,户型：3室/4室建筑面积：110-165㎡,,葛洲坝招商紫郡蘭园
34条点评,待售 住宅 轨交房 改善房 湖景 品牌开发商
,[南京周边滁州]北汊河新区104国道与纬七路交汇处向西...,户型：2室/3室建筑面积：65-95㎡,均价13000元/㎡,金地都会艺境
11条点评,在售 住宅 即将开盘 低总价 品牌开发商 人车分流
,[南京周边其他]南宁乌公路,户型：2室/3室/4室建筑面积：75.51-135㎡,最低8200元/㎡起,明发江湾新城
143条点评,在售 住宅 刚需房 品牌开发商 大阳台 大客厅
,[玄武钟山景区]玄武大道与太龙路交汇处,户型：3室/4室/5室建筑面积：145-257㎡,均价35000元/㎡,苏宁钟山朝阳府
17条点评,在售 住宅 轨交房 改善房 低密度 大客厅
,[南京周边其他]安徽和县石杨镇如山湖西侧（宁乌和滁乌...,户型：1室/3室/别墅建筑面积：68-245㎡,均价6200元/㎡,碧桂园如山湖城
23条点评,在售 住宅 低密度 大阳台 医院 南北通透
,[秦淮新街口]汉中路与汉西门大街交汇处,建筑面积：42-76㎡,均价49800元/㎡,南京平安国际金融中心汉中公馆
10条点评,在售 酒店式公寓 轨交房 商场 公交枢纽 公园
,[江宁麒麟科技园]沧麒东路与南湾营路交汇处,户型：3室建筑面积：89-99㎡,,熙悦
20条点评,待售 住宅 即将开盘 改善房 学校 带幼儿园
,[江宁横溪]横溪街道甘泉湖社区长库,户型：别墅建筑面积：151-155㎡,总价400万元/套起,融创玖溪桃花源
10条点评,在售 别墅 改善房 即将开盘 豪宅 品牌开发商
"
